Bug_ID,Sprint,Release_Version,Module,Feature,Component,Bug_Title,Bug_Description,Steps_To_Reproduce,Expected_Result,Actual_Result,Severity,Priority,Bug_Type,Status,Lifecycle_Stage,Reporter,QA_Engineer,Assigned_To,Team,Environment,Operating_System,Browser,Device,App_Version,Date_Reported,Date_Assigned,Date_Fixed,Date_Retested,Date_Closed,Resolution,Root_Cause,Resolution_Time_Hours,Comments,Duplicate_Of,bug1,bug2,duplicate,Similarity_Score
BUG-1001,Sprint-4,v2.1.5,Profile,Profile Feature,Profile Component,Profile Feature Fails To Upload,Profile feature fails to upload,Open module > Perform action > Observe issue,Feature should work correctly,fails to upload,Critical,P2,UI,Open,Open,Vamsi,Pooja,Sai,Mobile,Production,Android 14,Edge,Laptop,2.0,2026-01-01,2026-01-02,2026-01-04,2026-01-05,2026-01-06,Fixed,Code defect,23,Verified by QA,,Profile feature fails to upload,Application duplicates records in Dashboard,0,0.15
BUG-1002,Sprint-6,v2.4.5,Chat,Chat Feature,Chat Component,Chat Feature Returns Error 500,Chat feature returns error 500,Open module > Perform action > Observe issue,Feature should work correctly,returns error 500,High,P2,UI,In Progress,Open,Kiran,Nisha,Amit,DevOps,Development,Windows 11,Safari,Laptop,2.0,2026-01-02,2026-01-03,2026-01-05,2026-01-06,2026-01-07,Duplicate,Code defect,25,Verified by QA,BUG-1002,Chat feature returns error 500,Issue where chat returns error 500,1,0.85
BUG-1003,Sprint-2,v2.6.3,Reports,Reports Feature,Reports Component,Reports Feature Loads Slowly,Reports feature loads slowly,Open module > Perform action > Observe issue,Feature should work correctly,loads slowly,Medium,P4,UI,Assigned,Open,Kiran,Sneha,Deepak,Backend,QA,Android 14,Safari,Laptop,2.0,2026-01-03,2026-01-04,2026-01-06,2026-01-07,2026-01-08,Duplicate,Code defect,23,Verified by QA,BUG-1002,Reports feature loads slowly,Issue where reports loads slowly,1,0.93
BUG-1004,Sprint-10,v2.8.3,Download,Download Feature,Download Component,Download Feature Duplicates Records,Download feature duplicates records,Open module > Perform action > Observe issue,Feature should work correctly,duplicates records,Critical,P1,UI,Verified,Open,Kiran,Harsha,Amit,Frontend,Development,Android 14,Edge,Laptop,2.0,2026-01-04,2026-01-05,2026-01-07,2026-01-08,2026-01-09,Duplicate,Code defect,21,Verified by QA,BUG-1001,Download feature duplicates records,Issue where download duplicates records,1,0.99
BUG-1005,Sprint-10,v2.7.0,Analytics,Analytics Feature,Analytics Component,Analytics Feature Returns Error 500,Analytics feature returns error 500,Open module > Perform action > Observe issue,Feature should work correctly,returns error 500,High,P3,Security,Assigned,Open,Anil,Pooja,Deepak,Mobile,Production,Android 14,Chrome,Laptop,2.0,2026-01-05,2026-01-06,2026-01-08,2026-01-09,2026-01-10,Fixed,Code defect,16,Verified by QA,,Analytics feature returns error 500,Application shows blank screen in Checkout,0,0.49
BUG-1006,Sprint-6,v2.6.5,Upload,Upload Feature,Upload Component,Upload Feature Crashes,Upload feature crashes,Open module > Perform action > Observe issue,Feature should work correctly,crashes,High,P3,Security,New,Open,Ravi,Harsha,Deepak,Backend,Development,Android 14,Edge,Laptop,2.0,2026-01-06,2026-01-07,2026-01-09,2026-01-10,2026-01-11,Fixed,Code defect,31,Verified by QA,,Upload feature crashes,Application does not respond in Camera,0,0.52
BUG-1007,Sprint-6,v2.4.4,Upload,Upload Feature,Upload Component,Upload Feature Does Not Respond,Upload feature does not respond,Open module > Perform action > Observe issue,Feature should work correctly,does not respond,Medium,P1,Crash,New,Open,Ravi,Nisha,Deepak,QA,QA,iOS 18,Chrome,Laptop,2.0,2026-01-07,2026-01-08,2026-01-10,2026-01-11,2026-01-12,Fixed,Code defect,40,Verified by QA,,Upload feature does not respond,Application crashes in Backup,0,0.19
BUG-1008,Sprint-9,v2.9.3,Checkout,Checkout Feature,Checkout Component,Checkout Feature Returns Error 500,Checkout feature returns error 500,Open module > Perform action > Observe issue,Feature should work correctly,returns error 500,Critical,P2,UI,Closed,Open,Kiran,Pooja,Sai,Frontend,QA,iOS 18,Safari,Laptop,2.0,2026-01-08,2026-01-09,2026-01-11,2026-01-12,2026-01-13,Fixed,Code defect,26,Verified by QA,,Checkout feature returns error 500,Application freezes in Notification,0,0.21
BUG-1009,Sprint-3,v2.6.2,Search,Search Feature,Search Component,Search Feature Cannot Open,Search feature cannot open,Open module > Perform action > Observe issue,Feature should work correctly,cannot open,Critical,P1,Security,Closed,Open,Vamsi,Nisha,Arjun,Backend,Production,iOS 18,Safari,Laptop,2.0,2026-01-09,2026-01-10,2026-01-12,2026-01-13,2026-01-14,Fixed,Code defect,25,Verified by QA,,Search feature cannot open,Application duplicates records in Sync,0,0.4
BUG-1010,Sprint-1,v2.5.1,Analytics,Analytics Feature,Analytics Component,Analytics Feature Returns Error 500,Analytics feature returns error 500,Open module > Perform action > Observe issue,Feature should work correctly,returns error 500,Critical,P2,UI,Verified,Open,Kiran,Pooja,Deepak,DevOps,UAT,Android 14,Edge,Laptop,2.0,2026-01-10,2026-01-11,2026-01-13,2026-01-14,2026-01-15,Duplicate,Code defect,20,Verified by QA,BUG-1009,Analytics feature returns error 500,Issue where analytics returns error 500,1,0.88
BUG-1011,Sprint-3,v2.1.2,Chat,Chat Feature,Chat Component,Chat Feature Shows Blank Screen,Chat feature shows blank screen,Open module > Perform action > Observe issue,Feature should work correctly,shows blank screen,Critical,P1,UI,In Progress,Open,Vamsi,Nisha,Rahul,Mobile,QA,iOS 18,Edge,Laptop,2.0,2026-01-11,2026-01-12,2026-01-14,2026-01-15,2026-01-16,Fixed,Code defect,45,Verified by QA,,Chat feature shows blank screen,Application freezes in Checkout,0,0.6
BUG-1012,Sprint-2,v2.5.5,Scanner,Scanner Feature,Scanner Component,Scanner Feature Freezes,Scanner feature freezes,Open module > Perform action > Observe issue,Feature should work correctly,freezes,Critical,P2,Security,Fixed,Open,Kiran,Sneha,Deepak,Backend,Production,Android 14,Chrome,Laptop,2.0,2026-01-12,2026-01-13,2026-01-15,2026-01-16,2026-01-17,Fixed,Code defect,36,Verified by QA,,Scanner feature freezes,Application returns error 500 in Profile,0,0.48
BUG-1013,Sprint-10,v2.0.4,Search,Search Feature,Search Component,Search Feature Does Not Respond,Search feature does not respond,Open module > Perform action > Observe issue,Feature should work correctly,does not respond,High,P2,Security,Closed,Open,Priya,Pooja,Deepak,DevOps,Production,Ubuntu 24.04,Edge,Laptop,2.0,2026-01-13,2026-01-14,2026-01-16,2026-01-17,2026-01-18,Duplicate,Code defect,25,Verified by QA,BUG-1008,Search feature does not respond,Issue where search does not respond,1,0.92
BUG-1014,Sprint-9,v2.6.0,Profile,Profile Feature,Profile Component,Profile Feature Cannot Open,Profile feature cannot open,Open module > Perform action > Observe issue,Feature should work correctly,cannot open,Low,P2,Validation,Fixed,Open,Kiran,Nisha,Arjun,DevOps,QA,Ubuntu 24.04,Safari,Laptop,2.0,2026-01-14,2026-01-15,2026-01-17,2026-01-18,2026-01-19,Fixed,Code defect,45,Verified by QA,,Profile feature cannot open,Application shows blank screen in Notification,0,0.38
BUG-1015,Sprint-2,v2.9.3,Checkout,Checkout Feature,Checkout Component,Checkout Feature Crashes,Checkout feature crashes,Open module > Perform action > Observe issue,Feature should work correctly,crashes,Critical,P3,API,Open,Open,Anil,Sneha,Deepak,Frontend,UAT,Android 14,Safari,Laptop,2.0,2026-01-15,2026-01-16,2026-01-18,2026-01-19,2026-01-20,Duplicate,Code defect,40,Verified by QA,BUG-1008,Checkout feature crashes,Issue where checkout crashes,1,0.88
BUG-1016,Sprint-6,v2.0.1,Calendar,Calendar Feature,Calendar Component,Calendar Feature Duplicates Records,Calendar feature duplicates records,Open module > Perform action > Observe issue,Feature should work correctly,duplicates records,Critical,P4,Validation,Fixed,Open,Vamsi,Sneha,Amit,QA,Development,Android 14,Safari,Laptop,2.0,2026-01-16,2026-01-17,2026-01-19,2026-01-20,2026-01-21,Duplicate,Code defect,43,Verified by QA,BUG-1010,Calendar feature duplicates records,Issue where calendar duplicates records,1,0.93
BUG-1017,Sprint-6,v2.2.2,Backup,Backup Feature,Backup Component,Backup Feature Does Not Respond,Backup feature does not respond,Open module > Perform action > Observe issue,Feature should work correctly,does not respond,Critical,P3,API,In Progress,Open,Anil,Pooja,Sai,QA,UAT,Ubuntu 24.04,Edge,Laptop,2.0,2026-01-17,2026-01-18,2026-01-20,2026-01-21,2026-01-22,Duplicate,Code defect,48,Verified by QA,BUG-1010,Backup feature does not respond,Issue where backup does not respond,1,0.9
BUG-1018,Sprint-3,v2.6.0,Chat,Chat Feature,Chat Component,Chat Feature Fails To Upload,Chat feature fails to upload,Open module > Perform action > Observe issue,Feature should work correctly,fails to upload,High,P2,Database,Verified,Open,Ravi,Nisha,Sai,QA,QA,iOS 18,Chrome,Laptop,2.0,2026-01-18,2026-01-19,2026-01-21,2026-01-22,2026-01-23,Fixed,Code defect,46,Verified by QA,,Chat feature fails to upload,Application shows blank screen in Scanner,0,0.48
BUG-1019,Sprint-9,v2.7.3,Profile,Profile Feature,Profile Component,Profile Feature Loads Slowly,Profile feature loads slowly,Open module > Perform action > Observe issue,Feature should work correctly,loads slowly,Critical,P1,Functional,In Progress,Open,Vamsi,Harsha,Amit,DevOps,QA,iOS 18,Safari,Laptop,2.0,2026-01-19,2026-01-20,2026-01-22,2026-01-23,2026-01-24,Fixed,Code defect,2,Verified by QA,,Profile feature loads slowly,Application loads slowly in Reports,0,0.33
BUG-1020,Sprint-4,v2.7.1,Upload,Upload Feature,Upload Component,Upload Feature Freezes,Upload feature freezes,Open module > Perform action > Observe issue,Feature should work correctly,freezes,Critical,P1,Performance,New,Open,Anil,Pooja,Amit,Backend,Production,Windows 11,Safari,Laptop,2.0,2026-01-20,2026-01-21,2026-01-23,2026-01-24,2026-01-25,Duplicate,Code defect,28,Verified by QA,BUG-1011,Upload feature freezes,Issue where upload freezes,1,0.81
BUG-1021,Sprint-8,v2.5.5,Camera,Camera Feature,Camera Component,Camera Feature Fails To Upload,Camera feature fails to upload,Open module > Perform action > Observe issue,Feature should work correctly,fails to upload,Low,P2,Crash,Closed,Open,Priya,Harsha,Deepak,DevOps,Production,iOS 18,Firefox,Laptop,2.0,2026-01-21,2026-01-22,2026-01-24,2026-01-25,2026-01-26,Fixed,Code defect,13,Verified by QA,,Camera feature fails to upload,Application loads slowly in Invoice,0,0.2
BUG-1022,Sprint-6,v2.2.5,Reports,Reports Feature,Reports Component,Reports Feature Duplicates Records,Reports feature duplicates records,Open module > Perform action > Observe issue,Feature should work correctly,duplicates records,Low,P1,Validation,In Progress,Open,Anil,Sneha,Rahul,Mobile,UAT,Windows 11,Safari,Laptop,2.0,2026-01-22,2026-01-23,2026-01-25,2026-01-26,2026-01-27,Duplicate,Code defect,8,Verified by QA,BUG-1022,Reports feature duplicates records,Issue where reports duplicates records,1,0.87
BUG-1023,Sprint-8,v2.7.3,Upload,Upload Feature,Upload Component,Upload Feature Crashes,Upload feature crashes,Open module > Perform action > Observe issue,Feature should work correctly,crashes,Medium,P3,Performance,Retest,Open,Priya,Pooja,Sai,Frontend,QA,Windows 11,Edge,Laptop,2.0,2026-01-23,2026-01-24,2026-01-26,2026-01-27,2026-01-28,Duplicate,Code defect,45,Verified by QA,BUG-1001,Upload feature crashes,Issue where upload crashes,1,0.85
BUG-1024,Sprint-8,v2.6.3,Download,Download Feature,Download Component,Download Feature Freezes,Download feature freezes,Open module > Perform action > Observe issue,Feature should work correctly,freezes,Critical,P2,Functional,New,Open,Kiran,Harsha,Amit,DevOps,Development,iOS 18,Edge,Laptop,2.0,2026-01-24,2026-01-25,2026-01-27,2026-01-28,2026-01-29,Fixed,Code defect,37,Verified by QA,,Download feature freezes,Application duplicates records in Upload,0,0.27
BUG-1025,Sprint-2,v2.1.5,Backup,Backup Feature,Backup Component,Backup Feature Cannot Open,Backup feature cannot open,Open module > Perform action > Observe issue,Feature should work correctly,cannot open,Medium,P1,Database,Fixed,Open,Kiran,Sneha,Amit,Frontend,Production,Windows 11,Edge,Laptop,2.0,2026-01-25,2026-01-26,2026-01-28,2026-01-29,2026-01-30,Duplicate,Code defect,11,Verified by QA,BUG-1012,Backup feature cannot open,Issue where backup cannot open,1,0.81
BUG-1026,Sprint-1,v2.8.0,Backup,Backup Feature,Backup Component,Backup Feature Fails To Save,Backup feature fails to save,Open module > Perform action > Observe issue,Feature should work correctly,fails to save,Medium,P1,API,New,Open,Priya,Pooja,Arjun,Mobile,Development,Windows 11,Safari,Laptop,2.0,2026-01-26,2026-01-27,2026-01-29,2026-01-30,2026-01-31,Fixed,Code defect,6,Verified by QA,,Backup feature fails to save,Application returns error 500 in Profile,0,0.16
BUG-1027,Sprint-1,v2.1.2,Download,Download Feature,Download Component,Download Feature Fails To Save,Download feature fails to save,Open module > Perform action > Observe issue,Feature should work correctly,fails to save,High,P1,UI,Assigned,Open,Vamsi,Pooja,Arjun,QA,QA,Windows 11,Edge,Laptop,2.0,2026-01-27,2026-01-28,2026-01-30,2026-01-31,2026-02-01,Fixed,Code defect,36,Verified by QA,,Download feature fails to save,Application returns error 500 in Camera,0,0.15
BUG-1028,Sprint-2,v2.9.2,Download,Download Feature,Download Component,Download Feature Fails To Save,Download feature fails to save,Open module > Perform action > Observe issue,Feature should work correctly,fails to save,Low,P2,Validation,New,Open,Priya,Harsha,Arjun,DevOps,QA,iOS 18,Chrome,Laptop,2.0,2026-01-28,2026-01-29,2026-01-31,2026-02-01,2026-02-02,Duplicate,Code defect,23,Verified by QA,BUG-1013,Download feature fails to save,Issue where download fails to save,1,0.96
BUG-1029,Sprint-6,v2.1.1,Reports,Reports Feature,Reports Component,Reports Feature Returns Error 500,Reports feature returns error 500,Open module > Perform action > Observe issue,Feature should work correctly,returns error 500,Critical,P1,UI,Open,Open,Vamsi,Harsha,Arjun,DevOps,UAT,Windows 11,Safari,Laptop,2.0,2026-01-29,2026-01-30,2026-02-01,2026-02-02,2026-02-03,Duplicate,Code defect,14,Verified by QA,BUG-1014,Reports feature returns error 500,Issue where reports returns error 500,1,0.85
BUG-1030,Sprint-2,v2.3.5,Upload,Upload Feature,Upload Component,Upload Feature Does Not Respond,Upload feature does not respond,Open module > Perform action > Observe issue,Feature should work correctly,does not respond,Low,P3,Database,New,Open,Priya,Pooja,Arjun,Frontend,Production,Ubuntu 24.04,Safari,Laptop,2.0,2026-01-30,2026-01-31,2026-02-02,2026-02-03,2026-02-04,Duplicate,Code defect,40,Verified by QA,BUG-1028,Upload feature does not respond,Issue where upload does not respond,1,0.81
BUG-1031,Sprint-7,v2.2.5,Sync,Sync Feature,Sync Component,Sync Feature Crashes,Sync feature crashes,Open module > Perform action > Observe issue,Feature should work correctly,crashes,Critical,P4,API,Verified,Open,Ravi,Pooja,Deepak,DevOps,QA,Windows 11,Firefox,Laptop,2.0,2026-01-31,2026-02-01,2026-02-03,2026-02-04,2026-02-05,Fixed,Code defect,2,Verified by QA,,Sync feature crashes,Application cannot open in Notification,0,0.36
BUG-1032,Sprint-3,v2.9.3,Notification,Notification Feature,Notification Component,Notification Feature Crashes,Notification feature crashes,Open module > Perform action > Observe issue,Feature should work correctly,crashes,Low,P2,Validation,Closed,Open,Vamsi,Pooja,Sai,QA,QA,Ubuntu 24.04,Firefox,Laptop,2.0,2026-02-01,2026-02-02,2026-02-04,2026-02-05,2026-02-06,Duplicate,Code defect,26,Verified by QA,BUG-1031,Notification feature crashes,Issue where notification crashes,1,0.98
BUG-1033,Sprint-4,v2.0.3,Sync,Sync Feature,Sync Component,Sync Feature Crashes,Sync feature crashes,Open module > Perform action > Observe issue,Feature should work correctly,crashes,Low,P2,Security,Assigned,Open,Kiran,Sneha,Deepak,DevOps,Production,Ubuntu 24.04,Chrome,Laptop,2.0,2026-02-02,2026-02-03,2026-02-05,2026-02-06,2026-02-07,Fixed,Code defect,2,Verified by QA,,Sync feature crashes,Application freezes in Search,0,0.25
BUG-1034,Sprint-5,v2.6.1,Dashboard,Dashboard Feature,Dashboard Component,Dashboard Feature Fails To Save,Dashboard feature fails to save,Open module > Perform action > Observe issue,Feature should work correctly,fails to save,Medium,P2,Validation,Assigned,Open,Vamsi,Pooja,Deepak,Mobile,UAT,Android 14,Chrome,Laptop,2.0,2026-02-03,2026-02-04,2026-02-06,2026-02-07,2026-02-08,Duplicate,Code defect,6,Verified by QA,BUG-1004,Dashboard feature fails to save,Issue where dashboard fails to save,1,0.82
BUG-1035,Sprint-10,v2.3.2,Settings,Settings Feature,Settings Component,Settings Feature Does Not Respond,Settings feature does not respond,Open module > Perform action > Observe issue,Feature should work correctly,does not respond,High,P4,Security,In Progress,Open,Kiran,Nisha,Rahul,Backend,UAT,Ubuntu 24.04,Safari,Laptop,2.0,2026-02-04,2026-02-05,2026-02-07,2026-02-08,2026-02-09,Duplicate,Code defect,2,Verified by QA,BUG-1021,Settings feature does not respond,Issue where settings does not respond,1,0.94
BUG-1036,Sprint-3,v2.9.0,Settings,Settings Feature,Settings Component,Settings Feature Cannot Open,Settings feature cannot open,Open module > Perform action > Observe issue,Feature should work correctly,cannot open,Low,P4,Crash,Closed,Open,Anil,Nisha,Amit,Frontend,Development,Ubuntu 24.04,Edge,Laptop,2.0,2026-02-05,2026-02-06,2026-02-08,2026-02-09,2026-02-10,Duplicate,Code defect,19,Verified by QA,BUG-1021,Settings feature cannot open,Issue where settings cannot open,1,0.91
BUG-1037,Sprint-3,v2.1.1,Sync,Sync Feature,Sync Component,Sync Feature Returns Error 500,Sync feature returns error 500,Open module > Perform action > Observe issue,Feature should work correctly,returns error 500,Low,P4,Security,Fixed,Open,Anil,Harsha,Arjun,Backend,UAT,Ubuntu 24.04,Safari,Laptop,2.0,2026-02-06,2026-02-07,2026-02-09,2026-02-10,2026-02-11,Fixed,Code defect,6,Verified by QA,,Sync feature returns error 500,Application loads slowly in Profile,0,0.28
BUG-1038,Sprint-8,v2.8.3,Checkout,Checkout Feature,Checkout Component,Checkout Feature Shows Blank Screen,Checkout feature shows blank screen,Open module > Perform action > Observe issue,Feature should work correctly,shows blank screen,Critical,P2,Validation,Assigned,Open,Kiran,Nisha,Deepak,Frontend,QA,Android 14,Safari,Laptop,2.0,2026-02-07,2026-02-08,2026-02-10,2026-02-11,2026-02-12,Fixed,Code defect,4,Verified by QA,,Checkout feature shows blank screen,Application loads slowly in Calendar,0,0.24
BUG-1039,Sprint-8,v2.0.0,Dashboard,Dashboard Feature,Dashboard Component,Dashboard Feature Duplicates Records,Dashboard feature duplicates records,Open module > Perform action > Observe issue,Feature should work correctly,duplicates records,Low,P4,Crash,Closed,Open,Vamsi,Nisha,Rahul,QA,Production,Windows 11,Firefox,Laptop,2.0,2026-02-08,2026-02-09,2026-02-11,2026-02-12,2026-02-13,Duplicate,Code defect,14,Verified by QA,BUG-1025,Dashboard feature duplicates records,Issue where dashboard duplicates records,1,0.82
BUG-1040,Sprint-7,v2.7.5,Backup,Backup Feature,Backup Component,Backup Feature Crashes,Backup feature crashes,Open module > Perform action > Observe issue,Feature should work correctly,crashes,Critical,P4,API,New,Open,Ravi,Sneha,Sai,Frontend,Production,iOS 18,Safari,Laptop,2.0,2026-02-09,2026-02-10,2026-02-12,2026-02-13,2026-02-14,Duplicate,Code defect,30,Verified by QA,BUG-1016,Backup feature crashes,Issue where backup crashes,1,1.0
BUG-1041,Sprint-7,v2.4.2,Calendar,Calendar Feature,Calendar Component,Calendar Feature Duplicates Records,Calendar feature duplicates records,Open module > Perform action > Observe issue,Feature should work correctly,duplicates records,Medium,P1,Security,Retest,Open,Anil,Sneha,Sai,QA,Development,Windows 11,Edge,Laptop,2.0,2026-02-10,2026-02-11,2026-02-13,2026-02-14,2026-02-15,Fixed,Code defect,11,Verified by QA,,Calendar feature duplicates records,Application shows blank screen in Chat,0,0.45
BUG-1042,Sprint-8,v2.7.3,Calendar,Calendar Feature,Calendar Component,Calendar Feature Returns Error 500,Calendar feature returns error 500,Open module > Perform action > Observe issue,Feature should work correctly,returns error 500,Low,P4,Database,Assigned,Open,Priya,Sneha,Deepak,DevOps,Production,Ubuntu 24.04,Firefox,Laptop,2.0,2026-02-11,2026-02-12,2026-02-14,2026-02-15,2026-02-16,Duplicate,Code defect,22,Verified by QA,BUG-1038,Calendar feature returns error 500,Issue where calendar returns error 500,1,0.84
BUG-1043,Sprint-6,v2.9.4,Notification,Notification Feature,Notification Component,Notification Feature Duplicates Records,Notification feature duplicates records,Open module > Perform action > Observe issue,Feature should work correctly,duplicates records,High,P3,API,Retest,Open,Anil,Sneha,Sai,Frontend,UAT,Ubuntu 24.04,Chrome,Laptop,2.0,2026-02-12,2026-02-13,2026-02-15,2026-02-16,2026-02-17,Fixed,Code defect,28,Verified by QA,,Notification feature duplicates records,Application fails to save in Login,0,0.38
BUG-1044,Sprint-5,v2.1.0,Camera,Camera Feature,Camera Component,Camera Feature Cannot Open,Camera feature cannot open,Open module > Perform action > Observe issue,Feature should work correctly,cannot open,Medium,P2,Security,New,Open,Vamsi,Pooja,Deepak,QA,UAT,Windows 11,Firefox,Laptop,2.0,2026-02-13,2026-02-14,2026-02-16,2026-02-17,2026-02-18,Duplicate,Code defect,18,Verified by QA,BUG-1021,Camera feature cannot open,Issue where camera cannot open,1,0.87
BUG-1045,Sprint-1,v2.0.4,Payment,Payment Feature,Payment Component,Payment Feature Fails To Save,Payment feature fails to save,Open module > Perform action > Observe issue,Feature should work correctly,fails to save,Critical,P1,UI,Fixed,Open,Priya,Pooja,Arjun,DevOps,UAT,Windows 11,Firefox,Laptop,2.0,2026-02-14,2026-02-15,2026-02-17,2026-02-18,2026-02-19,Duplicate,Code defect,7,Verified by QA,BUG-1042,Payment feature fails to save,Issue where payment fails to save,1,0.85
BUG-1046,Sprint-5,v2.1.5,Maps,Maps Feature,Maps Component,Maps Feature Shows Blank Screen,Maps feature shows blank screen,Open module > Perform action > Observe issue,Feature should work correctly,shows blank screen,Critical,P4,Crash,Closed,Open,Vamsi,Pooja,Deepak,Mobile,Development,Ubuntu 24.04,Firefox,Laptop,2.0,2026-02-15,2026-02-16,2026-02-18,2026-02-19,2026-02-20,Fixed,Code defect,11,Verified by QA,,Maps feature shows blank screen,Application returns error 500 in Sync,0,0.56
BUG-1047,Sprint-2,v2.4.4,Scanner,Scanner Feature,Scanner Component,Scanner Feature Fails To Save,Scanner feature fails to save,Open module > Perform action > Observe issue,Feature should work correctly,fails to save,Low,P1,Database,Retest,Open,Vamsi,Nisha,Arjun,Frontend,Development,Ubuntu 24.04,Firefox,Laptop,2.0,2026-02-16,2026-02-17,2026-02-19,2026-02-20,2026-02-21,Duplicate,Code defect,47,Verified by QA,BUG-1040,Scanner feature fails to save,Issue where scanner fails to save,1,0.87
BUG-1048,Sprint-5,v2.0.4,Upload,Upload Feature,Upload Component,Upload Feature Duplicates Records,Upload feature duplicates records,Open module > Perform action > Observe issue,Feature should work correctly,duplicates records,Critical,P4,Performance,Closed,Open,Ravi,Pooja,Sai,Mobile,Development,Windows 11,Safari,Laptop,2.0,2026-02-17,2026-02-18,2026-02-20,2026-02-21,2026-02-22,Duplicate,Code defect,3,Verified by QA,BUG-1008,Upload feature duplicates records,Issue where upload duplicates records,1,0.84
BUG-1049,Sprint-9,v2.6.3,Analytics,Analytics Feature,Analytics Component,Analytics Feature Loads Slowly,Analytics feature loads slowly,Open module > Perform action > Observe issue,Feature should work correctly,loads slowly,Critical,P3,Crash,New,Open,Anil,Sneha,Sai,DevOps,Production,Android 14,Safari,Laptop,2.0,2026-02-18,2026-02-19,2026-02-21,2026-02-22,2026-02-23,Fixed,Code defect,11,Verified by QA,,Analytics feature loads slowly,Application does not respond in Scanner,0,0.23
BUG-1050,Sprint-4,v2.3.4,Backup,Backup Feature,Backup Component,Backup Feature Crashes,Backup feature crashes,Open module > Perform action > Observe issue,Feature should work correctly,crashes,Low,P3,Security,In Progress,Open,Anil,Nisha,Sai,DevOps,QA,Windows 11,Firefox,Laptop,2.0,2026-02-19,2026-02-20,2026-02-22,2026-02-23,2026-02-24,Duplicate,Code defect,48,Verified by QA,BUG-1040,Backup feature crashes,Issue where backup crashes,1,0.87
BUG-1051,Sprint-3,v2.0.5,Calendar,Calendar Feature,Calendar Component,Calendar Feature Does Not Respond,Calendar feature does not respond,Open module > Perform action > Observe issue,Feature should work correctly,does not respond,Medium,P2,Validation,Assigned,Open,Anil,Sneha,Sai,DevOps,Development,Ubuntu 24.04,Edge,Laptop,2.0,2026-02-20,2026-02-21,2026-02-23,2026-02-24,2026-02-25,Fixed,Code defect,43,Verified by QA,,Calendar feature does not respond,Application fails to save in Login,0,0.46
BUG-1052,Sprint-5,v2.7.2,Dashboard,Dashboard Feature,Dashboard Component,Dashboard Feature Fails To Save,Dashboard feature fails to save,Open module > Perform action > Observe issue,Feature should work correctly,fails to save,High,P3,API,Open,Open,Vamsi,Sneha,Amit,Mobile,Development,Ubuntu 24.04,Firefox,Laptop,2.0,2026-02-21,2026-02-22,2026-02-24,2026-02-25,2026-02-26,Fixed,Code defect,15,Verified by QA,,Dashboard feature fails to save,Application cannot open in Notification,0,0.14
BUG-1053,Sprint-8,v2.1.2,Reports,Reports Feature,Reports Component,Reports Feature Loads Slowly,Reports feature loads slowly,Open module > Perform action > Observe issue,Feature should work correctly,loads slowly,Low,P1,Performance,Verified,Open,Ravi,Nisha,Sai,QA,UAT,Android 14,Chrome,Laptop,2.0,2026-02-22,2026-02-23,2026-02-25,2026-02-26,2026-02-27,Duplicate,Code defect,37,Verified by QA,BUG-1052,Reports feature loads slowly,Issue where reports loads slowly,1,0.99
BUG-1054,Sprint-2,v2.2.1,Backup,Backup Feature,Backup Component,Backup Feature Shows Blank Screen,Backup feature shows blank screen,Open module > Perform action > Observe issue,Feature should work correctly,shows blank screen,Critical,P3,Validation,Retest,Open,Priya,Nisha,Arjun,Backend,Production,iOS 18,Safari,Laptop,2.0,2026-02-23,2026-02-24,2026-02-26,2026-02-27,2026-02-28,Fixed,Code defect,12,Verified by QA,,Backup feature shows blank screen,Application duplicates records in Profile,0,0.29
BUG-1055,Sprint-10,v2.0.3,Analytics,Analytics Feature,Analytics Component,Analytics Feature Loads Slowly,Analytics feature loads slowly,Open module > Perform action > Observe issue,Feature should work correctly,loads slowly,Medium,P1,Database,Retest,Open,Ravi,Nisha,Rahul,Frontend,Production,iOS 18,Safari,Laptop,2.0,2026-02-24,2026-02-25,2026-02-27,2026-02-28,2026-03-01,Fixed,Code defect,34,Verified by QA,,Analytics feature loads slowly,Application crashes in Camera,0,0.35
BUG-1056,Sprint-1,v2.3.4,Search,Search Feature,Search Component,Search Feature Duplicates Records,Search feature duplicates records,Open module > Perform action > Observe issue,Feature should work correctly,duplicates records,Critical,P3,Validation,Verified,Open,Priya,Sneha,Arjun,Backend,QA,iOS 18,Edge,Laptop,2.0,2026-02-25,2026-02-26,2026-02-28,2026-03-01,2026-03-02,Fixed,Code defect,27,Verified by QA,,Search feature duplicates records,Application loads slowly in Payment,0,0.23
BUG-1057,Sprint-5,v2.7.1,Checkout,Checkout Feature,Checkout Component,Checkout Feature Does Not Respond,Checkout feature does not respond,Open module > Perform action > Observe issue,Feature should work correctly,does not respond,High,P3,Validation,Verified,Open,Kiran,Nisha,Deepak,QA,Development,Ubuntu 24.04,Chrome,Laptop,2.0,2026-02-26,2026-02-27,2026-03-01,2026-03-02,2026-03-03,Duplicate,Code defect,27,Verified by QA,BUG-1027,Checkout feature does not respond,Issue where checkout does not respond,1,0.87
BUG-1058,Sprint-5,v2.1.4,Search,Search Feature,Search Component,Search Feature Crashes,Search feature crashes,Open module > Perform action > Observe issue,Feature should work correctly,crashes,Low,P4,UI,Verified,Open,Anil,Nisha,Rahul,QA,Development,Windows 11,Edge,Laptop,2.0,2026-02-27,2026-02-28,2026-03-02,2026-03-03,2026-03-04,Duplicate,Code defect,5,Verified by QA,BUG-1008,Search feature crashes,Issue where search crashes,1,0.94
BUG-1059,Sprint-4,v2.3.3,Scanner,Scanner Feature,Scanner Component,Scanner Feature Does Not Respond,Scanner feature does not respond,Open module > Perform action > Observe issue,Feature should work correctly,does not respond,Low,P3,Crash,Fixed,Open,Priya,Nisha,Sai,Mobile,Production,Ubuntu 24.04,Safari,Laptop,2.0,2026-02-28,2026-03-01,2026-03-03,2026-03-04,2026-03-05,Duplicate,Code defect,45,Verified by QA,BUG-1059,Scanner feature does not respond,Issue where scanner does not respond,1,0.98
BUG-1060,Sprint-4,v2.0.3,Camera,Camera Feature,Camera Component,Camera Feature Duplicates Records,Camera feature duplicates records,Open module > Perform action > Observe issue,Feature should work correctly,duplicates records,Critical,P3,UI,Closed,Open,Kiran,Harsha,Arjun,QA,Development,Ubuntu 24.04,Firefox,Laptop,2.0,2026-03-01,2026-03-02,2026-03-04,2026-03-05,2026-03-06,Fixed,Code defect,46,Verified by QA,,Camera feature duplicates records,Application fails to upload in Login,0,0.24
BUG-1061,Sprint-2,v2.4.5,Camera,Camera Feature,Camera Component,Camera Feature Fails To Save,Camera feature fails to save,Open module > Perform action > Observe issue,Feature should work correctly,fails to save,Medium,P1,UI,Fixed,Open,Vamsi,Sneha,Rahul,QA,Production,Ubuntu 24.04,Firefox,Laptop,2.0,2026-03-02,2026-03-03,2026-03-05,2026-03-06,2026-03-07,Fixed,Code defect,45,Verified by QA,,Camera feature fails to save,Application fails to upload in Calendar,0,0.24
BUG-1062,Sprint-6,v2.7.2,Download,Download Feature,Download Component,Download Feature Returns Error 500,Download feature returns error 500,Open module > Perform action > Observe issue,Feature should work correctly,returns error 500,Medium,P1,Performance,Closed,Open,Kiran,Pooja,Amit,QA,Production,Ubuntu 24.04,Edge,Laptop,2.0,2026-03-03,2026-03-04,2026-03-06,2026-03-07,2026-03-08,Fixed,Code defect,4,Verified by QA,,Download feature returns error 500,Application fails to upload in Reports,0,0.29
BUG-1063,Sprint-10,v2.9.3,Profile,Profile Feature,Profile Component,Profile Feature Fails To Upload,Profile feature fails to upload,Open module > Perform action > Observe issue,Feature should work correctly,fails to upload,Medium,P2,Performance,In Progress,Open,Vamsi,Harsha,Amit,Backend,Development,Ubuntu 24.04,Safari,Laptop,2.0,2026-03-04,2026-03-05,2026-03-07,2026-03-08,2026-03-09,Fixed,Code defect,11,Verified by QA,,Profile feature fails to upload,Application fails to upload in Chat,0,0.52
BUG-1064,Sprint-8,v2.5.5,Maps,Maps Feature,Maps Component,Maps Feature Freezes,Maps feature freezes,Open module > Perform action > Observe issue,Feature should work correctly,freezes,Low,P1,Performance,Open,Open,Anil,Nisha,Rahul,QA,QA,iOS 18,Chrome,Laptop,2.0,2026-03-05,2026-03-06,2026-03-08,2026-03-09,2026-03-10,Duplicate,Code defect,11,Verified by QA,BUG-1022,Maps feature freezes,Issue where maps freezes,1,0.96
BUG-1065,Sprint-10,v2.4.3,Notification,Notification Feature,Notification Component,Notification Feature Does Not Respond,Notification feature does not respond,Open module > Perform action > Observe issue,Feature should work correctly,does not respond,Medium,P1,UI,Fixed,Open,Vamsi,Nisha,Amit,QA,Development,iOS 18,Firefox,Laptop,2.0,2026-03-06,2026-03-07,2026-03-09,2026-03-10,2026-03-11,Duplicate,Code defect,33,Verified by QA,BUG-1033,Notification feature does not respond,Issue where notification does not respond,1,0.98
BUG-1066,Sprint-5,v2.7.5,Backup,Backup Feature,Backup Component,Backup Feature Returns Error 500,Backup feature returns error 500,Open module > Perform action > Observe issue,Feature should work correctly,returns error 500,Critical,P2,Database,New,Open,Anil,Sneha,Rahul,Mobile,Production,Android 14,Chrome,Laptop,2.0,2026-03-07,2026-03-08,2026-03-10,2026-03-11,2026-03-12,Duplicate,Code defect,16,Verified by QA,BUG-1047,Backup feature returns error 500,Issue where backup returns error 500,1,0.97
BUG-1067,Sprint-2,v2.6.3,Settings,Settings Feature,Settings Component,Settings Feature Shows Blank Screen,Settings feature shows blank screen,Open module > Perform action > Observe issue,Feature should work correctly,shows blank screen,Critical,P4,API,New,Open,Kiran,Nisha,Sai,QA,Production,iOS 18,Firefox,Laptop,2.0,2026-03-08,2026-03-09,2026-03-11,2026-03-12,2026-03-13,Fixed,Code defect,46,Verified by QA,,Settings feature shows blank screen,Application freezes in Analytics,0,0.45
BUG-1068,Sprint-1,v2.5.0,Reports,Reports Feature,Reports Component,Reports Feature Does Not Respond,Reports feature does not respond,Open module > Perform action > Observe issue,Feature should work correctly,does not respond,Low,P3,Crash,Retest,Open,Anil,Pooja,Amit,Frontend,Production,Android 14,Safari,Laptop,2.0,2026-03-09,2026-03-10,2026-03-12,2026-03-13,2026-03-14,Fixed,Code defect,6,Verified by QA,,Reports feature does not respond,Application does not respond in Camera,0,0.46
BUG-1069,Sprint-1,v2.5.4,Invoice,Invoice Feature,Invoice Component,Invoice Feature Duplicates Records,Invoice feature duplicates records,Open module > Perform action > Observe issue,Feature should work correctly,duplicates records,High,P1,Validation,Closed,Open,Anil,Nisha,Rahul,Backend,Development,Ubuntu 24.04,Edge,Laptop,2.0,2026-03-10,2026-03-11,2026-03-13,2026-03-14,2026-03-15,Duplicate,Code defect,41,Verified by QA,BUG-1026,Invoice feature duplicates records,Issue where invoice duplicates records,1,0.8
BUG-1070,Sprint-7,v2.7.5,Settings,Settings Feature,Settings Component,Settings Feature Fails To Save,Settings feature fails to save,Open module > Perform action > Observe issue,Feature should work correctly,fails to save,Medium,P1,Crash,Retest,Open,Anil,Nisha,Sai,DevOps,Development,Windows 11,Safari,Laptop,2.0,2026-03-11,2026-03-12,2026-03-14,2026-03-15,2026-03-16,Fixed,Code defect,5,Verified by QA,,Settings feature fails to save,Application crashes in Invoice,0,0.54
BUG-1071,Sprint-4,v2.4.4,Sync,Sync Feature,Sync Component,Sync Feature Shows Blank Screen,Sync feature shows blank screen,Open module > Perform action > Observe issue,Feature should work correctly,shows blank screen,High,P3,Crash,Open,Open,Vamsi,Nisha,Arjun,Mobile,Production,Android 14,Firefox,Laptop,2.0,2026-03-12,2026-03-13,2026-03-15,2026-03-16,2026-03-17,Duplicate,Code defect,5,Verified by QA,BUG-1029,Sync feature shows blank screen,Issue where sync shows blank screen,1,0.91
BUG-1072,Sprint-8,v2.6.3,Search,Search Feature,Search Component,Search Feature Fails To Save,Search feature fails to save,Open module > Perform action > Observe issue,Feature should work correctly,fails to save,Critical,P1,Performance,In Progress,Open,Ravi,Harsha,Arjun,Backend,Development,iOS 18,Chrome,Laptop,2.0,2026-03-13,2026-03-14,2026-03-16,2026-03-17,2026-03-18,Duplicate,Code defect,40,Verified by QA,BUG-1051,Search feature fails to save,Issue where search fails to save,1,0.9
BUG-1073,Sprint-4,v2.1.4,Calendar,Calendar Feature,Calendar Component,Calendar Feature Freezes,Calendar feature freezes,Open module > Perform action > Observe issue,Feature should work correctly,freezes,Medium,P3,Database,Verified,Open,Ravi,Harsha,Sai,Frontend,Development,Windows 11,Safari,Laptop,2.0,2026-03-14,2026-03-15,2026-03-17,2026-03-18,2026-03-19,Fixed,Code defect,38,Verified by QA,,Calendar feature freezes,Application returns error 500 in Search,0,0.46
BUG-1074,Sprint-6,v2.2.4,Reports,Reports Feature,Reports Component,Reports Feature Fails To Upload,Reports feature fails to upload,Open module > Perform action > Observe issue,Feature should work correctly,fails to upload,Critical,P4,Validation,Closed,Open,Vamsi,Pooja,Rahul,Frontend,QA,Ubuntu 24.04,Firefox,Laptop,2.0,2026-03-15,2026-03-16,2026-03-18,2026-03-19,2026-03-20,Fixed,Code defect,19,Verified by QA,,Reports feature fails to upload,Application loads slowly in Calendar,0,0.2
BUG-1075,Sprint-8,v2.3.0,Calendar,Calendar Feature,Calendar Component,Calendar Feature Freezes,Calendar feature freezes,Open module > Perform action > Observe issue,Feature should work correctly,freezes,Low,P2,Crash,Fixed,Open,Anil,Sneha,Arjun,Frontend,QA,Android 14,Safari,Laptop,2.0,2026-03-16,2026-03-17,2026-03-19,2026-03-20,2026-03-21,Fixed,Code defect,28,Verified by QA,,Calendar feature freezes,Application duplicates records in Dashboard,0,0.39
BUG-1076,Sprint-1,v2.8.2,Reports,Reports Feature,Reports Component,Reports Feature Fails To Upload,Reports feature fails to upload,Open module > Perform action > Observe issue,Feature should work correctly,fails to upload,Critical,P3,API,Retest,Open,Vamsi,Harsha,Rahul,QA,Development,Windows 11,Edge,Laptop,2.0,2026-03-17,2026-03-18,2026-03-20,2026-03-21,2026-03-22,Duplicate,Code defect,10,Verified by QA,BUG-1014,Reports feature fails to upload,Issue where reports fails to upload,1,0.88
BUG-1077,Sprint-7,v2.3.1,Settings,Settings Feature,Settings Component,Settings Feature Duplicates Records,Settings feature duplicates records,Open module > Perform action > Observe issue,Feature should work correctly,duplicates records,Low,P4,Database,New,Open,Vamsi,Harsha,Arjun,Backend,QA,Windows 11,Firefox,Laptop,2.0,2026-03-18,2026-03-19,2026-03-21,2026-03-22,2026-03-23,Duplicate,Code defect,37,Verified by QA,BUG-1077,Settings feature duplicates records,Issue where settings duplicates records,1,0.83
BUG-1078,Sprint-3,v2.6.2,Invoice,Invoice Feature,Invoice Component,Invoice Feature Shows Blank Screen,Invoice feature shows blank screen,Open module > Perform action > Observe issue,Feature should work correctly,shows blank screen,Low,P1,Validation,Verified,Open,Anil,Harsha,Deepak,Mobile,UAT,Android 14,Firefox,Laptop,2.0,2026-03-19,2026-03-20,2026-03-22,2026-03-23,2026-03-24,Fixed,Code defect,16,Verified by QA,,Invoice feature shows blank screen,Application shows blank screen in Calendar,0,0.43
BUG-1079,Sprint-3,v2.1.1,Checkout,Checkout Feature,Checkout Component,Checkout Feature Shows Blank Screen,Checkout feature shows blank screen,Open module > Perform action > Observe issue,Feature should work correctly,shows blank screen,Medium,P2,Validation,Fixed,Open,Kiran,Harsha,Amit,QA,Production,Android 14,Safari,Laptop,2.0,2026-03-20,2026-03-21,2026-03-23,2026-03-24,2026-03-25,Fixed,Code defect,24,Verified by QA,,Checkout feature shows blank screen,Application returns error 500 in Sync,0,0.51
BUG-1080,Sprint-3,v2.6.5,Camera,Camera Feature,Camera Component,Camera Feature Crashes,Camera feature crashes,Open module > Perform action > Observe issue,Feature should work correctly,crashes,Medium,P2,Crash,Verified,Open,Ravi,Pooja,Sai,QA,Production,Windows 11,Edge,Laptop,2.0,2026-03-21,2026-03-22,2026-03-24,2026-03-25,2026-03-26,Duplicate,Code defect,26,Verified by QA,BUG-1035,Camera feature crashes,Issue where camera crashes,1,0.87
BUG-1081,Sprint-10,v2.7.0,Reports,Reports Feature,Reports Component,Reports Feature Fails To Save,Reports feature fails to save,Open module > Perform action > Observe issue,Feature should work correctly,fails to save,High,P4,Database,Closed,Open,Priya,Pooja,Amit,QA,Production,iOS 18,Edge,Laptop,2.0,2026-03-22,2026-03-23,2026-03-25,2026-03-26,2026-03-27,Duplicate,Code defect,41,Verified by QA,BUG-1036,Reports feature fails to save,Issue where reports fails to save,1,0.81
BUG-1082,Sprint-7,v2.4.5,Sync,Sync Feature,Sync Component,Sync Feature Freezes,Sync feature freezes,Open module > Perform action > Observe issue,Feature should work correctly,freezes,Critical,P2,Functional,Open,Open,Priya,Nisha,Sai,DevOps,UAT,iOS 18,Edge,Laptop,2.0,2026-03-23,2026-03-24,2026-03-26,2026-03-27,2026-03-28,Fixed,Code defect,16,Verified by QA,,Sync feature freezes,Application cannot open in Sync,0,0.37
BUG-1083,Sprint-8,v2.2.3,Upload,Upload Feature,Upload Component,Upload Feature Cannot Open,Upload feature cannot open,Open module > Perform action > Observe issue,Feature should work correctly,cannot open,High,P1,Security,Open,Open,Priya,Sneha,Rahul,DevOps,QA,Ubuntu 24.04,Edge,Laptop,2.0,2026-03-24,2026-03-25,2026-03-27,2026-03-28,2026-03-29,Fixed,Code defect,45,Verified by QA,,Upload feature cannot open,Application returns error 500 in Backup,0,0.27
BUG-1084,Sprint-10,v2.9.1,Profile,Profile Feature,Profile Component,Profile Feature Fails To Upload,Profile feature fails to upload,Open module > Perform action > Observe issue,Feature should work correctly,fails to upload,High,P3,Security,Fixed,Open,Kiran,Pooja,Amit,QA,Production,iOS 18,Firefox,Laptop,2.0,2026-03-25,2026-03-26,2026-03-28,2026-03-29,2026-03-30,Fixed,Code defect,35,Verified by QA,,Profile feature fails to upload,Application crashes in Profile,0,0.25
BUG-1085,Sprint-5,v2.6.3,Analytics,Analytics Feature,Analytics Component,Analytics Feature Fails To Save,Analytics feature fails to save,Open module > Perform action > Observe issue,Feature should work correctly,fails to save,High,P4,Performance,Closed,Open,Vamsi,Harsha,Amit,Mobile,QA,Ubuntu 24.04,Firefox,Laptop,2.0,2026-03-26,2026-03-27,2026-03-29,2026-03-30,2026-03-31,Fixed,Code defect,28,Verified by QA,,Analytics feature fails to save,Application returns error 500 in Login,0,0.21
BUG-1086,Sprint-8,v2.4.0,Camera,Camera Feature,Camera Component,Camera Feature Freezes,Camera feature freezes,Open module > Perform action > Observe issue,Feature should work correctly,freezes,Medium,P4,API,Closed,Open,Priya,Sneha,Rahul,DevOps,UAT,Android 14,Chrome,Laptop,2.0,2026-03-27,2026-03-28,2026-03-30,2026-03-31,2026-04-01,Duplicate,Code defect,16,Verified by QA,BUG-1028,Camera feature freezes,Issue where camera freezes,1,0.93
BUG-1087,Sprint-4,v2.9.3,Reports,Reports Feature,Reports Component,Reports Feature Duplicates Records,Reports feature duplicates records,Open module > Perform action > Observe issue,Feature should work correctly,duplicates records,High,P3,API,New,Open,Anil,Harsha,Amit,Backend,Development,Android 14,Safari,Laptop,2.0,2026-03-28,2026-03-29,2026-03-31,2026-04-01,2026-04-02,Duplicate,Code defect,4,Verified by QA,BUG-1048,Reports feature duplicates records,Issue where reports duplicates records,1,0.81
BUG-1088,Sprint-4,v2.8.5,Maps,Maps Feature,Maps Component,Maps Feature Shows Blank Screen,Maps feature shows blank screen,Open module > Perform action > Observe issue,Feature should work correctly,shows blank screen,Critical,P4,API,Retest,Open,Ravi,Harsha,Sai,Frontend,QA,Android 14,Firefox,Laptop,2.0,2026-03-29,2026-03-30,2026-04-01,2026-04-02,2026-04-03,Duplicate,Code defect,39,Verified by QA,BUG-1077,Maps feature shows blank screen,Issue where maps shows blank screen,1,0.93
BUG-1089,Sprint-7,v2.2.1,Invoice,Invoice Feature,Invoice Component,Invoice Feature Loads Slowly,Invoice feature loads slowly,Open module > Perform action > Observe issue,Feature should work correctly,loads slowly,Low,P3,Crash,Closed,Open,Vamsi,Sneha,Amit,Mobile,Development,iOS 18,Firefox,Laptop,2.0,2026-03-30,2026-03-31,2026-04-02,2026-04-03,2026-04-04,Fixed,Code defect,8,Verified by QA,,Invoice feature loads slowly,Application duplicates records in Payment,0,0.16
BUG-1090,Sprint-2,v2.0.4,Checkout,Checkout Feature,Checkout Component,Checkout Feature Returns Error 500,Checkout feature returns error 500,Open module > Perform action > Observe issue,Feature should work correctly,returns error 500,Medium,P4,Database,Retest,Open,Anil,Sneha,Sai,QA,QA,Android 14,Safari,Laptop,2.0,2026-03-31,2026-04-01,2026-04-03,2026-04-04,2026-04-05,Duplicate,Code defect,37,Verified by QA,BUG-1073,Checkout feature returns error 500,Issue where checkout returns error 500,1,0.9
BUG-1091,Sprint-2,v2.9.0,Payment,Payment Feature,Payment Component,Payment Feature Cannot Open,Payment feature cannot open,Open module > Perform action > Observe issue,Feature should work correctly,cannot open,Medium,P2,Functional,In Progress,Open,Ravi,Nisha,Rahul,Mobile,Production,Ubuntu 24.04,Firefox,Laptop,2.0,2026-01-01,2026-01-02,2026-01-04,2026-01-05,2026-01-06,Fixed,Code defect,10,Verified by QA,,Payment feature cannot open,Application fails to upload in Invoice,0,0.22
BUG-1092,Sprint-4,v2.7.2,Notification,Notification Feature,Notification Component,Notification Feature Returns Error 500,Notification feature returns error 500,Open module > Perform action > Observe issue,Feature should work correctly,returns error 500,Low,P1,Database,Fixed,Open,Ravi,Harsha,Amit,DevOps,UAT,Windows 11,Edge,Laptop,2.0,2026-01-02,2026-01-03,2026-01-05,2026-01-06,2026-01-07,Fixed,Code defect,16,Verified by QA,,Notification feature returns error 500,Application crashes in Payment,0,0.33
BUG-1093,Sprint-7,v2.5.5,Backup,Backup Feature,Backup Component,Backup Feature Loads Slowly,Backup feature loads slowly,Open module > Perform action > Observe issue,Feature should work correctly,loads slowly,Medium,P1,Functional,In Progress,Open,Anil,Sneha,Arjun,QA,QA,Ubuntu 24.04,Chrome,Laptop,2.0,2026-01-03,2026-01-04,2026-01-06,2026-01-07,2026-01-08,Duplicate,Code defect,23,Verified by QA,BUG-1016,Backup feature loads slowly,Issue where backup loads slowly,1,0.94
BUG-1094,Sprint-9,v2.4.1,Login,Login Feature,Login Component,Login Feature Returns Error 500,Login feature returns error 500,Open module > Perform action > Observe issue,Feature should work correctly,returns error 500,Medium,P2,UI,New,Open,Ravi,Harsha,Deepak,QA,Development,iOS 18,Chrome,Laptop,2.0,2026-01-04,2026-01-05,2026-01-07,2026-01-08,2026-01-09,Duplicate,Code defect,45,Verified by QA,BUG-1080,Login feature returns error 500,Issue where login returns error 500,1,0.89
BUG-1095,Sprint-2,v2.4.1,Download,Download Feature,Download Component,Download Feature Does Not Respond,Download feature does not respond,Open module > Perform action > Observe issue,Feature should work correctly,does not respond,Critical,P3,UI,In Progress,Open,Anil,Nisha,Sai,Frontend,Production,Ubuntu 24.04,Chrome,Laptop,2.0,2026-01-05,2026-01-06,2026-01-08,2026-01-09,2026-01-10,Fixed,Code defect,36,Verified by QA,,Download feature does not respond,Application duplicates records in Reports,0,0.19
BUG-1096,Sprint-9,v2.4.3,Dashboard,Dashboard Feature,Dashboard Component,Dashboard Feature Returns Error 500,Dashboard feature returns error 500,Open module > Perform action > Observe issue,Feature should work correctly,returns error 500,Critical,P1,Validation,Closed,Open,Vamsi,Harsha,Deepak,Backend,Development,Windows 11,Chrome,Laptop,2.0,2026-01-06,2026-01-07,2026-01-09,2026-01-10,2026-01-11,Duplicate,Code defect,43,Verified by QA,BUG-1004,Dashboard feature returns error 500,Issue where dashboard returns error 500,1,0.88
BUG-1097,Sprint-6,v2.1.3,Payment,Payment Feature,Payment Component,Payment Feature Fails To Upload,Payment feature fails to upload,Open module > Perform action > Observe issue,Feature should work correctly,fails to upload,Medium,P3,Performance,Closed,Open,Vamsi,Nisha,Rahul,Backend,Production,iOS 18,Chrome,Laptop,2.0,2026-01-07,2026-01-08,2026-01-10,2026-01-11,2026-01-12,Duplicate,Code defect,31,Verified by QA,BUG-1041,Payment feature fails to upload,Issue where payment fails to upload,1,0.81
BUG-1098,Sprint-3,v2.2.5,Maps,Maps Feature,Maps Component,Maps Feature Cannot Open,Maps feature cannot open,Open module > Perform action > Observe issue,Feature should work correctly,cannot open,Medium,P3,Security,Fixed,Open,Vamsi,Sneha,Rahul,Backend,Development,iOS 18,Chrome,Laptop,2.0,2026-01-08,2026-01-09,2026-01-11,2026-01-12,2026-01-13,Duplicate,Code defect,21,Verified by QA,BUG-1047,Maps feature cannot open,Issue where maps cannot open,1,0.81
BUG-1099,Sprint-1,v2.4.1,Upload,Upload Feature,Upload Component,Upload Feature Crashes,Upload feature crashes,Open module > Perform action > Observe issue,Feature should work correctly,crashes,Low,P3,Database,Closed,Open,Vamsi,Sneha,Rahul,Mobile,Production,iOS 18,Firefox,Laptop,2.0,2026-01-09,2026-01-10,2026-01-12,2026-01-13,2026-01-14,Duplicate,Code defect,24,Verified by QA,BUG-1052,Upload feature crashes,Issue where upload crashes,1,0.81
BUG-1100,Sprint-10,v2.3.3,Dashboard,Dashboard Feature,Dashboard Component,Dashboard Feature Cannot Open,Dashboard feature cannot open,Open module > Perform action > Observe issue,Feature should work correctly,cannot open,Medium,P3,Performance,Verified,Open,Anil,Nisha,Arjun,Backend,QA,iOS 18,Safari,Laptop,2.0,2026-01-10,2026-01-11,2026-01-13,2026-01-14,2026-01-15,Fixed,Code defect,42,Verified by QA,,Dashboard feature cannot open,Application duplicates records in Download,0,0.5
BUG-1101,Sprint-7,v2.9.2,Invoice,Invoice Feature,Invoice Component,Invoice Feature Loads Slowly,Invoice feature loads slowly,Open module > Perform action > Observe issue,Feature should work correctly,loads slowly,Low,P4,Functional,Verified,Open,Kiran,Sneha,Deepak,QA,UAT,Ubuntu 24.04,Chrome,Laptop,2.0,2026-01-11,2026-01-12,2026-01-14,2026-01-15,2026-01-16,Fixed,Code defect,33,Verified by QA,,Invoice feature loads slowly,Application shows blank screen in Checkout,0,0.43
BUG-1102,Sprint-9,v2.6.2,Maps,Maps Feature,Maps Component,Maps Feature Fails To Save,Maps feature fails to save,Open module > Perform action > Observe issue,Feature should work correctly,fails to save,Low,P1,Validation,Retest,Open,Ravi,Nisha,Amit,Frontend,UAT,Ubuntu 24.04,Firefox,Laptop,2.0,2026-01-12,2026-01-13,2026-01-15,2026-01-16,2026-01-17,Fixed,Code defect,3,Verified by QA,,Maps feature fails to save,Application does not respond in Sync,0,0.29
BUG-1103,Sprint-3,v2.4.0,Chat,Chat Feature,Chat Component,Chat Feature Fails To Save,Chat feature fails to save,Open module > Perform action > Observe issue,Feature should work correctly,fails to save,High,P4,Security,Open,Open,Priya,Nisha,Rahul,DevOps,Production,Windows 11,Firefox,Laptop,2.0,2026-01-13,2026-01-14,2026-01-16,2026-01-17,2026-01-18,Duplicate,Code defect,3,Verified by QA,BUG-1049,Chat feature fails to save,Issue where chat fails to save,1,0.85
BUG-1104,Sprint-10,v2.8.3,Reports,Reports Feature,Reports Component,Reports Feature Shows Blank Screen,Reports feature shows blank screen,Open module > Perform action > Observe issue,Feature should work correctly,shows blank screen,High,P2,Functional,Open,Open,Kiran,Harsha,Sai,Mobile,QA,iOS 18,Chrome,Laptop,2.0,2026-01-14,2026-01-15,2026-01-17,2026-01-18,2026-01-19,Fixed,Code defect,44,Verified by QA,,Reports feature shows blank screen,Application loads slowly in Upload,0,0.26
BUG-1105,Sprint-9,v2.6.2,Profile,Profile Feature,Profile Component,Profile Feature Does Not Respond,Profile feature does not respond,Open module > Perform action > Observe issue,Feature should work correctly,does not respond,Critical,P3,Performance,New,Open,Priya,Pooja,Deepak,Frontend,Development,Windows 11,Chrome,Laptop,2.0,2026-01-15,2026-01-16,2026-01-18,2026-01-19,2026-01-20,Duplicate,Code defect,26,Verified by QA,BUG-1006,Profile feature does not respond,Issue where profile does not respond,1,0.99
BUG-1106,Sprint-4,v2.1.0,Maps,Maps Feature,Maps Component,Maps Feature Loads Slowly,Maps feature loads slowly,Open module > Perform action > Observe issue,Feature should work correctly,loads slowly,Low,P3,Functional,Verified,Open,Ravi,Sneha,Arjun,QA,Development,Windows 11,Firefox,Laptop,2.0,2026-01-16,2026-01-17,2026-01-19,2026-01-20,2026-01-21,Duplicate,Code defect,47,Verified by QA,BUG-1021,Maps feature loads slowly,Issue where maps loads slowly,1,0.83
BUG-1107,Sprint-4,v2.9.1,Reports,Reports Feature,Reports Component,Reports Feature Duplicates Records,Reports feature duplicates records,Open module > Perform action > Observe issue,Feature should work correctly,duplicates records,Critical,P3,Performance,Open,Open,Ravi,Harsha,Deepak,Frontend,QA,iOS 18,Safari,Laptop,2.0,2026-01-17,2026-01-18,2026-01-20,2026-01-21,2026-01-22,Duplicate,Code defect,17,Verified by QA,BUG-1020,Reports feature duplicates records,Issue where reports duplicates records,1,0.97
BUG-1108,Sprint-4,v2.9.2,Payment,Payment Feature,Payment Component,Payment Feature Fails To Upload,Payment feature fails to upload,Open module > Perform action > Observe issue,Feature should work correctly,fails to upload,High,P3,UI,Verified,Open,Anil,Nisha,Rahul,Mobile,Development,Windows 11,Chrome,Laptop,2.0,2026-01-18,2026-01-19,2026-01-21,2026-01-22,2026-01-23,Duplicate,Code defect,30,Verified by QA,BUG-1010,Payment feature fails to upload,Issue where payment fails to upload,1,1.0
BUG-1109,Sprint-6,v2.0.3,Camera,Camera Feature,Camera Component,Camera Feature Duplicates Records,Camera feature duplicates records,Open module > Perform action > Observe issue,Feature should work correctly,duplicates records,Critical,P2,UI,Retest,Open,Kiran,Nisha,Arjun,QA,UAT,Windows 11,Edge,Laptop,2.0,2026-01-19,2026-01-20,2026-01-22,2026-01-23,2026-01-24,Duplicate,Code defect,46,Verified by QA,BUG-1055,Camera feature duplicates records,Issue where camera duplicates records,1,0.9
BUG-1110,Sprint-9,v2.0.4,Profile,Profile Feature,Profile Component,Profile Feature Cannot Open,Profile feature cannot open,Open module > Perform action > Observe issue,Feature should work correctly,cannot open,Critical,P4,API,Assigned,Open,Kiran,Sneha,Amit,QA,Production,Ubuntu 24.04,Safari,Laptop,2.0,2026-01-20,2026-01-21,2026-01-23,2026-01-24,2026-01-25,Duplicate,Code defect,20,Verified by QA,BUG-1031,Profile feature cannot open,Issue where profile cannot open,1,0.86
BUG-1111,Sprint-9,v2.5.0,Maps,Maps Feature,Maps Component,Maps Feature Freezes,Maps feature freezes,Open module > Perform action > Observe issue,Feature should work correctly,freezes,High,P3,API,Verified,Open,Vamsi,Nisha,Rahul,Mobile,Production,Windows 11,Chrome,Laptop,2.0,2026-01-21,2026-01-22,2026-01-24,2026-01-25,2026-01-26,Fixed,Code defect,27,Verified by QA,,Maps feature freezes,Application crashes in Calendar,0,0.28
BUG-1112,Sprint-10,v2.3.4,Backup,Backup Feature,Backup Component,Backup Feature Duplicates Records,Backup feature duplicates records,Open module > Perform action > Observe issue,Feature should work correctly,duplicates records,Low,P2,Performance,New,Open,Vamsi,Harsha,Sai,Frontend,Production,iOS 18,Safari,Laptop,2.0,2026-01-22,2026-01-23,2026-01-25,2026-01-26,2026-01-27,Fixed,Code defect,39,Verified by QA,,Backup feature duplicates records,Application shows blank screen in Login,0,0.44
BUG-1113,Sprint-10,v2.8.3,Payment,Payment Feature,Payment Component,Payment Feature Duplicates Records,Payment feature duplicates records,Open module > Perform action > Observe issue,Feature should work correctly,duplicates records,Low,P2,Validation,Closed,Open,Kiran,Pooja,Rahul,DevOps,UAT,Ubuntu 24.04,Chrome,Laptop,2.0,2026-01-23,2026-01-24,2026-01-26,2026-01-27,2026-01-28,Duplicate,Code defect,8,Verified by QA,BUG-1016,Payment feature duplicates records,Issue where payment duplicates records,1,0.86
BUG-1114,Sprint-8,v2.1.0,Search,Search Feature,Search Component,Search Feature Fails To Save,Search feature fails to save,Open module > Perform action > Observe issue,Feature should work correctly,fails to save,Medium,P1,API,Fixed,Open,Kiran,Pooja,Amit,DevOps,QA,iOS 18,Edge,Laptop,2.0,2026-01-24,2026-01-25,2026-01-27,2026-01-28,2026-01-29,Fixed,Code defect,43,Verified by QA,,Search feature fails to save,Application cannot open in Calendar,0,0.36
BUG-1115,Sprint-5,v2.7.5,Payment,Payment Feature,Payment Component,Payment Feature Duplicates Records,Payment feature duplicates records,Open module > Perform action > Observe issue,Feature should work correctly,duplicates records,High,P3,Validation,In Progress,Open,Priya,Harsha,Sai,QA,Production,Windows 11,Firefox,Laptop,2.0,2026-01-25,2026-01-26,2026-01-28,2026-01-29,2026-01-30,Duplicate,Code defect,41,Verified by QA,BUG-1019,Payment feature duplicates records,Issue where payment duplicates records,1,0.91
BUG-1116,Sprint-1,v2.9.3,Calendar,Calendar Feature,Calendar Component,Calendar Feature Crashes,Calendar feature crashes,Open module > Perform action > Observe issue,Feature should work correctly,crashes,Critical,P1,UI,In Progress,Open,Kiran,Pooja,Deepak,Backend,Development,Android 14,Chrome,Laptop,2.0,2026-01-26,2026-01-27,2026-01-29,2026-01-30,2026-01-31,Fixed,Code defect,22,Verified by QA,,Calendar feature crashes,Application returns error 500 in Sync,0,0.44
BUG-1117,Sprint-7,v2.1.1,Download,Download Feature,Download Component,Download Feature Loads Slowly,Download feature loads slowly,Open module > Perform action > Observe issue,Feature should work correctly,loads slowly,Critical,P3,Security,Verified,Open,Kiran,Pooja,Amit,Mobile,QA,iOS 18,Firefox,Laptop,2.0,2026-01-27,2026-01-28,2026-01-30,2026-01-31,2026-02-01,Duplicate,Code defect,36,Verified by QA,BUG-1087,Download feature loads slowly,Issue where download loads slowly,1,0.92
BUG-1118,Sprint-4,v2.4.3,Sync,Sync Feature,Sync Component,Sync Feature Fails To Save,Sync feature fails to save,Open module > Perform action > Observe issue,Feature should work correctly,fails to save,High,P1,Functional,Open,Open,Ravi,Pooja,Deepak,Frontend,Production,Ubuntu 24.04,Firefox,Laptop,2.0,2026-01-28,2026-01-29,2026-01-31,2026-02-01,2026-02-02,Duplicate,Code defect,44,Verified by QA,BUG-1001,Sync feature fails to save,Issue where sync fails to save,1,0.89
BUG-1119,Sprint-7,v2.1.0,Upload,Upload Feature,Upload Component,Upload Feature Freezes,Upload feature freezes,Open module > Perform action > Observe issue,Feature should work correctly,freezes,Low,P3,UI,Verified,Open,Kiran,Pooja,Rahul,Backend,Production,Windows 11,Chrome,Laptop,2.0,2026-01-29,2026-01-30,2026-02-01,2026-02-02,2026-02-03,Fixed,Code defect,12,Verified by QA,,Upload feature freezes,Application crashes in Payment,0,0.43
BUG-1120,Sprint-1,v2.9.3,Checkout,Checkout Feature,Checkout Component,Checkout Feature Loads Slowly,Checkout feature loads slowly,Open module > Perform action > Observe issue,Feature should work correctly,loads slowly,Critical,P1,API,Assigned,Open,Vamsi,Harsha,Arjun,QA,Development,Windows 11,Safari,Laptop,2.0,2026-01-30,2026-01-31,2026-02-02,2026-02-03,2026-02-04,Fixed,Code defect,30,Verified by QA,,Checkout feature loads slowly,Application does not respond in Scanner,0,0.31
BUG-1121,Sprint-6,v2.8.5,Settings,Settings Feature,Settings Component,Settings Feature Does Not Respond,Settings feature does not respond,Open module > Perform action > Observe issue,Feature should work correctly,does not respond,Medium,P2,Database,Open,Open,Anil,Harsha,Deepak,Frontend,QA,Windows 11,Chrome,Laptop,2.0,2026-01-31,2026-02-01,2026-02-03,2026-02-04,2026-02-05,Fixed,Code defect,40,Verified by QA,,Settings feature does not respond,Application does not respond in Settings,0,0.16
BUG-1122,Sprint-7,v2.6.4,Invoice,Invoice Feature,Invoice Component,Invoice Feature Fails To Save,Invoice feature fails to save,Open module > Perform action > Observe issue,Feature should work correctly,fails to save,Low,P2,Database,New,Open,Anil,Sneha,Deepak,QA,QA,Ubuntu 24.04,Edge,Laptop,2.0,2026-02-01,2026-02-02,2026-02-04,2026-02-05,2026-02-06,Duplicate,Code defect,3,Verified by QA,BUG-1062,Invoice feature fails to save,Issue where invoice fails to save,1,0.85
BUG-1123,Sprint-3,v2.0.1,Profile,Profile Feature,Profile Component,Profile Feature Loads Slowly,Profile feature loads slowly,Open module > Perform action > Observe issue,Feature should work correctly,loads slowly,Critical,P1,API,Retest,Open,Vamsi,Harsha,Arjun,Frontend,Development,iOS 18,Edge,Laptop,2.0,2026-02-02,2026-02-03,2026-02-05,2026-02-06,2026-02-07,Fixed,Code defect,45,Verified by QA,,Profile feature loads slowly,Application freezes in Analytics,0,0.4
BUG-1124,Sprint-3,v2.5.2,Reports,Reports Feature,Reports Component,Reports Feature Fails To Save,Reports feature fails to save,Open module > Perform action > Observe issue,Feature should work correctly,fails to save,High,P1,UI,New,Open,Priya,Pooja,Deepak,Frontend,QA,Ubuntu 24.04,Chrome,Laptop,2.0,2026-02-03,2026-02-04,2026-02-06,2026-02-07,2026-02-08,Fixed,Code defect,43,Verified by QA,,Reports feature fails to save,Application does not respond in Payment,0,0.22
BUG-1125,Sprint-6,v2.4.5,Chat,Chat Feature,Chat Component,Chat Feature Does Not Respond,Chat feature does not respond,Open module > Perform action > Observe issue,Feature should work correctly,does not respond,Critical,P1,Validation,Open,Open,Ravi,Nisha,Rahul,Mobile,UAT,Android 14,Edge,Laptop,2.0,2026-02-04,2026-02-05,2026-02-07,2026-02-08,2026-02-09,Duplicate,Code defect,14,Verified by QA,BUG-1089,Chat feature does not respond,Issue where chat does not respond,1,0.83
BUG-1126,Sprint-3,v2.3.5,Analytics,Analytics Feature,Analytics Component,Analytics Feature Crashes,Analytics feature crashes,Open module > Perform action > Observe issue,Feature should work correctly,crashes,Critical,P2,Functional,Open,Open,Ravi,Sneha,Sai,Backend,QA,iOS 18,Safari,Laptop,2.0,2026-02-05,2026-02-06,2026-02-08,2026-02-09,2026-02-10,Fixed,Code defect,37,Verified by QA,,Analytics feature crashes,Application fails to save in Backup,0,0.16
BUG-1127,Sprint-7,v2.0.0,Search,Search Feature,Search Component,Search Feature Does Not Respond,Search feature does not respond,Open module > Perform action > Observe issue,Feature should work correctly,does not respond,High,P2,Functional,In Progress,Open,Vamsi,Nisha,Arjun,Mobile,Development,Android 14,Safari,Laptop,2.0,2026-02-06,2026-02-07,2026-02-09,2026-02-10,2026-02-11,Fixed,Code defect,14,Verified by QA,,Search feature does not respond,Application fails to save in Login,0,0.55
BUG-1128,Sprint-6,v2.2.3,Invoice,Invoice Feature,Invoice Component,Invoice Feature Fails To Save,Invoice feature fails to save,Open module > Perform action > Observe issue,Feature should work correctly,fails to save,Critical,P3,Security,In Progress,Open,Priya,Pooja,Sai,Frontend,Development,Windows 11,Chrome,Laptop,2.0,2026-02-07,2026-02-08,2026-02-10,2026-02-11,2026-02-12,Duplicate,Code defect,12,Verified by QA,BUG-1099,Invoice feature fails to save,Issue where invoice fails to save,1,0.92
BUG-1129,Sprint-8,v2.1.0,Camera,Camera Feature,Camera Component,Camera Feature Freezes,Camera feature freezes,Open module > Perform action > Observe issue,Feature should work correctly,freezes,Medium,P3,Performance,Assigned,Open,Kiran,Sneha,Arjun,Frontend,QA,Android 14,Firefox,Laptop,2.0,2026-02-08,2026-02-09,2026-02-11,2026-02-12,2026-02-13,Fixed,Code defect,18,Verified by QA,,Camera feature freezes,Application shows blank screen in Search,0,0.14
BUG-1130,Sprint-6,v2.1.5,Search,Search Feature,Search Component,Search Feature Crashes,Search feature crashes,Open module > Perform action > Observe issue,Feature should work correctly,crashes,Medium,P1,Performance,New,Open,Vamsi,Harsha,Sai,Mobile,UAT,Ubuntu 24.04,Edge,Laptop,2.0,2026-02-09,2026-02-10,2026-02-12,2026-02-13,2026-02-14,Fixed,Code defect,33,Verified by QA,,Search feature crashes,Application fails to upload in Camera,0,0.12
BUG-1131,Sprint-7,v2.1.4,Reports,Reports Feature,Reports Component,Reports Feature Loads Slowly,Reports feature loads slowly,Open module > Perform action > Observe issue,Feature should work correctly,loads slowly,High,P1,Performance,Fixed,Open,Ravi,Harsha,Sai,Mobile,QA,Android 14,Edge,Laptop,2.0,2026-02-10,2026-02-11,2026-02-13,2026-02-14,2026-02-15,Fixed,Code defect,30,Verified by QA,,Reports feature loads slowly,Application shows blank screen in Sync,0,0.23
BUG-1132,Sprint-5,v2.8.0,Checkout,Checkout Feature,Checkout Component,Checkout Feature Fails To Upload,Checkout feature fails to upload,Open module > Perform action > Observe issue,Feature should work correctly,fails to upload,Medium,P4,Performance,Closed,Open,Priya,Sneha,Amit,DevOps,UAT,Windows 11,Firefox,Laptop,2.0,2026-02-11,2026-02-12,2026-02-14,2026-02-15,2026-02-16,Duplicate,Code defect,13,Verified by QA,BUG-1065,Checkout feature fails to upload,Issue where checkout fails to upload,1,0.91
BUG-1133,Sprint-8,v2.7.1,Chat,Chat Feature,Chat Component,Chat Feature Duplicates Records,Chat feature duplicates records,Open module > Perform action > Observe issue,Feature should work correctly,duplicates records,High,P3,API,Closed,Open,Priya,Harsha,Amit,Frontend,UAT,Android 14,Edge,Laptop,2.0,2026-02-12,2026-02-13,2026-02-15,2026-02-16,2026-02-17,Fixed,Code defect,9,Verified by QA,,Chat feature duplicates records,Application cannot open in Scanner,0,0.53
BUG-1134,Sprint-3,v2.5.4,Calendar,Calendar Feature,Calendar Component,Calendar Feature Crashes,Calendar feature crashes,Open module > Perform action > Observe issue,Feature should work correctly,crashes,Medium,P3,UI,Assigned,Open,Priya,Pooja,Deepak,Backend,Development,iOS 18,Chrome,Laptop,2.0,2026-02-13,2026-02-14,2026-02-16,2026-02-17,2026-02-18,Fixed,Code defect,19,Verified by QA,,Calendar feature crashes,Application does not respond in Maps,0,0.39
BUG-1135,Sprint-8,v2.3.2,Login,Login Feature,Login Component,Login Feature Duplicates Records,Login feature duplicates records,Open module > Perform action > Observe issue,Feature should work correctly,duplicates records,Medium,P2,Performance,In Progress,Open,Priya,Sneha,Arjun,QA,Production,iOS 18,Chrome,Laptop,2.0,2026-02-14,2026-02-15,2026-02-17,2026-02-18,2026-02-19,Fixed,Code defect,36,Verified by QA,,Login feature duplicates records,Application crashes in Calendar,0,0.43
BUG-1136,Sprint-5,v2.1.0,Login,Login Feature,Login Component,Login Feature Crashes,Login feature crashes,Open module > Perform action > Observe issue,Feature should work correctly,crashes,Medium,P1,Validation,Fixed,Open,Ravi,Pooja,Rahul,Backend,Production,Windows 11,Chrome,Laptop,2.0,2026-02-15,2026-02-16,2026-02-18,2026-02-19,2026-02-20,Fixed,Code defect,43,Verified by QA,,Login feature crashes,Application crashes in Maps,0,0.17
BUG-1137,Sprint-1,v2.1.1,Camera,Camera Feature,Camera Component,Camera Feature Duplicates Records,Camera feature duplicates records,Open module > Perform action > Observe issue,Feature should work correctly,duplicates records,Medium,P1,Crash,In Progress,Open,Anil,Harsha,Amit,Mobile,Development,Ubuntu 24.04,Firefox,Laptop,2.0,2026-02-16,2026-02-17,2026-02-19,2026-02-20,2026-02-21,Fixed,Code defect,32,Verified by QA,,Camera feature duplicates records,Application fails to save in Chat,0,0.45
BUG-1138,Sprint-6,v2.2.5,Checkout,Checkout Feature,Checkout Component,Checkout Feature Shows Blank Screen,Checkout feature shows blank screen,Open module > Perform action > Observe issue,Feature should work correctly,shows blank screen,Low,P2,Database,Verified,Open,Vamsi,Pooja,Amit,Mobile,UAT,Ubuntu 24.04,Firefox,Laptop,2.0,2026-02-17,2026-02-18,2026-02-20,2026-02-21,2026-02-22,Duplicate,Code defect,10,Verified by QA,BUG-1015,Checkout feature shows blank screen,Issue where checkout shows blank screen,1,0.83
BUG-1139,Sprint-6,v2.2.3,Backup,Backup Feature,Backup Component,Backup Feature Freezes,Backup feature freezes,Open module > Perform action > Observe issue,Feature should work correctly,freezes,Medium,P1,Database,Open,Open,Vamsi,Pooja,Sai,Mobile,QA,iOS 18,Edge,Laptop,2.0,2026-02-18,2026-02-19,2026-02-21,2026-02-22,2026-02-23,Fixed,Code defect,41,Verified by QA,,Backup feature freezes,Application fails to upload in Maps,0,0.49
BUG-1140,Sprint-8,v2.2.1,Backup,Backup Feature,Backup Component,Backup Feature Crashes,Backup feature crashes,Open module > Perform action > Observe issue,Feature should work correctly,crashes,Critical,P2,API,Closed,Open,Ravi,Harsha,Sai,Backend,Production,iOS 18,Edge,Laptop,2.0,2026-02-19,2026-02-20,2026-02-22,2026-02-23,2026-02-24,Duplicate,Code defect,23,Verified by QA,BUG-1097,Backup feature crashes,Issue where backup crashes,1,0.99
BUG-1141,Sprint-3,v2.6.4,Dashboard,Dashboard Feature,Dashboard Component,Dashboard Feature Does Not Respond,Dashboard feature does not respond,Open module > Perform action > Observe issue,Feature should work correctly,does not respond,Low,P1,Security,Fixed,Open,Priya,Sneha,Deepak,QA,Production,iOS 18,Safari,Laptop,2.0,2026-02-20,2026-02-21,2026-02-23,2026-02-24,2026-02-25,Fixed,Code defect,36,Verified by QA,,Dashboard feature does not respond,Application does not respond in Upload,0,0.51
BUG-1142,Sprint-2,v2.1.5,Calendar,Calendar Feature,Calendar Component,Calendar Feature Fails To Save,Calendar feature fails to save,Open module > Perform action > Observe issue,Feature should work correctly,fails to save,High,P3,Validation,Closed,Open,Ravi,Sneha,Deepak,Frontend,UAT,Ubuntu 24.04,Firefox,Laptop,2.0,2026-02-21,2026-02-22,2026-02-24,2026-02-25,2026-02-26,Duplicate,Code defect,34,Verified by QA,BUG-1061,Calendar feature fails to save,Issue where calendar fails to save,1,0.93
BUG-1143,Sprint-5,v2.9.2,Invoice,Invoice Feature,Invoice Component,Invoice Feature Duplicates Records,Invoice feature duplicates records,Open module > Perform action > Observe issue,Feature should work correctly,duplicates records,Low,P2,Security,Open,Open,Anil,Pooja,Rahul,Frontend,UAT,iOS 18,Chrome,Laptop,2.0,2026-02-22,2026-02-23,2026-02-25,2026-02-26,2026-02-27,Fixed,Code defect,30,Verified by QA,,Invoice feature duplicates records,Application shows blank screen in Dashboard,0,0.48
BUG-1144,Sprint-5,v2.2.3,Search,Search Feature,Search Component,Search Feature Loads Slowly,Search feature loads slowly,Open module > Perform action > Observe issue,Feature should work correctly,loads slowly,Critical,P1,Validation,Open,Open,Vamsi,Sneha,Deepak,Frontend,Production,Windows 11,Firefox,Laptop,2.0,2026-02-23,2026-02-24,2026-02-26,2026-02-27,2026-02-28,Duplicate,Code defect,46,Verified by QA,BUG-1087,Search feature loads slowly,Issue where search loads slowly,1,0.88
BUG-1145,Sprint-4,v2.2.2,Settings,Settings Feature,Settings Component,Settings Feature Shows Blank Screen,Settings feature shows blank screen,Open module > Perform action > Observe issue,Feature should work correctly,shows blank screen,High,P4,Validation,Closed,Open,Ravi,Nisha,Rahul,QA,UAT,Ubuntu 24.04,Safari,Laptop,2.0,2026-02-24,2026-02-25,2026-02-27,2026-02-28,2026-03-01,Duplicate,Code defect,7,Verified by QA,BUG-1015,Settings feature shows blank screen,Issue where settings shows blank screen,1,1.0
BUG-1146,Sprint-5,v2.0.1,Reports,Reports Feature,Reports Component,Reports Feature Returns Error 500,Reports feature returns error 500,Open module > Perform action > Observe issue,Feature should work correctly,returns error 500,Medium,P4,UI,Open,Open,Ravi,Harsha,Deepak,Frontend,Production,Android 14,Safari,Laptop,2.0,2026-02-25,2026-02-26,2026-02-28,2026-03-01,2026-03-02,Duplicate,Code defect,32,Verified by QA,BUG-1084,Reports feature returns error 500,Issue where reports returns error 500,1,0.86
BUG-1147,Sprint-5,v2.0.1,Search,Search Feature,Search Component,Search Feature Returns Error 500,Search feature returns error 500,Open module > Perform action > Observe issue,Feature should work correctly,returns error 500,Low,P1,Validation,Verified,Open,Vamsi,Harsha,Amit,DevOps,Production,Windows 11,Safari,Laptop,2.0,2026-02-26,2026-02-27,2026-03-01,2026-03-02,2026-03-03,Fixed,Code defect,27,Verified by QA,,Search feature returns error 500,Application shows blank screen in Notification,0,0.56
BUG-1148,Sprint-4,v2.2.1,Upload,Upload Feature,Upload Component,Upload Feature Cannot Open,Upload feature cannot open,Open module > Perform action > Observe issue,Feature should work correctly,cannot open,Medium,P3,Crash,Retest,Open,Kiran,Sneha,Rahul,Backend,UAT,Windows 11,Firefox,Laptop,2.0,2026-02-27,2026-02-28,2026-03-02,2026-03-03,2026-03-04,Fixed,Code defect,37,Verified by QA,,Upload feature cannot open,Application fails to save in Analytics,0,0.4
BUG-1149,Sprint-7,v2.3.0,Reports,Reports Feature,Reports Component,Reports Feature Freezes,Reports feature freezes,Open module > Perform action > Observe issue,Feature should work correctly,freezes,High,P3,Functional,Open,Open,Priya,Harsha,Sai,Mobile,UAT,iOS 18,Firefox,Laptop,2.0,2026-02-28,2026-03-01,2026-03-03,2026-03-04,2026-03-05,Duplicate,Code defect,39,Verified by QA,BUG-1055,Reports feature freezes,Issue where reports freezes,1,0.9
BUG-1150,Sprint-10,v2.5.1,Camera,Camera Feature,Camera Component,Camera Feature Does Not Respond,Camera feature does not respond,Open module > Perform action > Observe issue,Feature should work correctly,does not respond,Low,P1,Database,Open,Open,Anil,Pooja,Sai,Backend,QA,Android 14,Firefox,Laptop,2.0,2026-03-01,2026-03-02,2026-03-04,2026-03-05,2026-03-06,Duplicate,Code defect,34,Verified by QA,BUG-1106,Camera feature does not respond,Issue where camera does not respond,1,0.89
BUG-1151,Sprint-4,v2.6.0,Settings,Settings Feature,Settings Component,Settings Feature Duplicates Records,Settings feature duplicates records,Open module > Perform action > Observe issue,Feature should work correctly,duplicates records,Critical,P3,UI,Assigned,Open,Priya,Sneha,Sai,QA,Development,Ubuntu 24.04,Firefox,Laptop,2.0,2026-03-02,2026-03-03,2026-03-05,2026-03-06,2026-03-07,Fixed,Code defect,2,Verified by QA,,Settings feature duplicates records,Application does not respond in Backup,0,0.5
BUG-1152,Sprint-3,v2.4.3,Scanner,Scanner Feature,Scanner Component,Scanner Feature Returns Error 500,Scanner feature returns error 500,Open module > Perform action > Observe issue,Feature should work correctly,returns error 500,High,P3,API,Fixed,Open,Anil,Nisha,Deepak,DevOps,Development,Ubuntu 24.04,Safari,Laptop,2.0,2026-03-03,2026-03-04,2026-03-06,2026-03-07,2026-03-08,Fixed,Code defect,34,Verified by QA,,Scanner feature returns error 500,Application crashes in Settings,0,0.19
BUG-1153,Sprint-9,v2.7.0,Analytics,Analytics Feature,Analytics Component,Analytics Feature Shows Blank Screen,Analytics feature shows blank screen,Open module > Perform action > Observe issue,Feature should work correctly,shows blank screen,Low,P1,Security,New,Open,Anil,Harsha,Deepak,Frontend,Production,Windows 11,Chrome,Laptop,2.0,2026-03-04,2026-03-05,2026-03-07,2026-03-08,2026-03-09,Duplicate,Code defect,35,Verified by QA,BUG-1093,Analytics feature shows blank screen,Issue where analytics shows blank screen,1,0.94
BUG-1154,Sprint-6,v2.0.1,Search,Search Feature,Search Component,Search Feature Crashes,Search feature crashes,Open module > Perform action > Observe issue,Feature should work correctly,crashes,Low,P3,Performance,Assigned,Open,Priya,Nisha,Deepak,QA,QA,Windows 11,Edge,Laptop,2.0,2026-03-05,2026-03-06,2026-03-08,2026-03-09,2026-03-10,Duplicate,Code defect,13,Verified by QA,BUG-1149,Search feature crashes,Issue where search crashes,1,0.85
BUG-1155,Sprint-10,v2.0.2,Download,Download Feature,Download Component,Download Feature Returns Error 500,Download feature returns error 500,Open module > Perform action > Observe issue,Feature should work correctly,returns error 500,Critical,P1,Performance,New,Open,Vamsi,Pooja,Arjun,Frontend,UAT,Windows 11,Edge,Laptop,2.0,2026-03-06,2026-03-07,2026-03-09,2026-03-10,2026-03-11,Fixed,Code defect,28,Verified by QA,,Download feature returns error 500,Application does not respond in Calendar,0,0.19
BUG-1156,Sprint-2,v2.1.5,Calendar,Calendar Feature,Calendar Component,Calendar Feature Returns Error 500,Calendar feature returns error 500,Open module > Perform action > Observe issue,Feature should work correctly,returns error 500,Critical,P4,Validation,Open,Open,Anil,Nisha,Sai,Mobile,Production,Windows 11,Chrome,Laptop,2.0,2026-03-07,2026-03-08,2026-03-10,2026-03-11,2026-03-12,Fixed,Code defect,45,Verified by QA,,Calendar feature returns error 500,Application freezes in Login,0,0.35
BUG-1157,Sprint-6,v2.5.1,Notification,Notification Feature,Notification Component,Notification Feature Loads Slowly,Notification feature loads slowly,Open module > Perform action > Observe issue,Feature should work correctly,loads slowly,Medium,P1,Crash,New,Open,Ravi,Nisha,Arjun,Backend,Production,Windows 11,Chrome,Laptop,2.0,2026-03-08,2026-03-09,2026-03-11,2026-03-12,2026-03-13,Fixed,Code defect,47,Verified by QA,,Notification feature loads slowly,Application loads slowly in Payment,0,0.41
BUG-1158,Sprint-8,v2.9.5,Sync,Sync Feature,Sync Component,Sync Feature Loads Slowly,Sync feature loads slowly,Open module > Perform action > Observe issue,Feature should work correctly,loads slowly,Medium,P2,Performance,Closed,Open,Anil,Nisha,Rahul,QA,UAT,Android 14,Firefox,Laptop,2.0,2026-03-09,2026-03-10,2026-03-12,2026-03-13,2026-03-14,Fixed,Code defect,44,Verified by QA,,Sync feature loads slowly,Application freezes in Camera,0,0.17
BUG-1159,Sprint-5,v2.4.5,Dashboard,Dashboard Feature,Dashboard Component,Dashboard Feature Cannot Open,Dashboard feature cannot open,Open module > Perform action > Observe issue,Feature should work correctly,cannot open,Critical,P4,Crash,Fixed,Open,Priya,Sneha,Rahul,Mobile,Production,Windows 11,Chrome,Laptop,2.0,2026-03-10,2026-03-11,2026-03-13,2026-03-14,2026-03-15,Duplicate,Code defect,34,Verified by QA,BUG-1002,Dashboard feature cannot open,Issue where dashboard cannot open,1,0.85
BUG-1160,Sprint-6,v2.9.4,Checkout,Checkout Feature,Checkout Component,Checkout Feature Crashes,Checkout feature crashes,Open module > Perform action > Observe issue,Feature should work correctly,crashes,High,P3,Validation,Retest,Open,Anil,Sneha,Rahul,QA,UAT,iOS 18,Edge,Laptop,2.0,2026-03-11,2026-03-12,2026-03-14,2026-03-15,2026-03-16,Fixed,Code defect,47,Verified by QA,,Checkout feature crashes,Application returns error 500 in Login,0,0.26
BUG-1161,Sprint-2,v2.0.0,Login,Login Feature,Login Component,Login Feature Returns Error 500,Login feature returns error 500,Open module > Perform action > Observe issue,Feature should work correctly,returns error 500,High,P4,Security,Fixed,Open,Ravi,Nisha,Sai,QA,Development,Android 14,Edge,Laptop,2.0,2026-03-12,2026-03-13,2026-03-15,2026-03-16,2026-03-17,Fixed,Code defect,13,Verified by QA,,Login feature returns error 500,Application freezes in Search,0,0.48
BUG-1162,Sprint-10,v2.3.2,Payment,Payment Feature,Payment Component,Payment Feature Freezes,Payment feature freezes,Open module > Perform action > Observe issue,Feature should work correctly,freezes,Medium,P2,UI,In Progress,Open,Priya,Pooja,Sai,Frontend,Development,Android 14,Edge,Laptop,2.0,2026-03-13,2026-03-14,2026-03-16,2026-03-17,2026-03-18,Duplicate,Code defect,10,Verified by QA,BUG-1033,Payment feature freezes,Issue where payment freezes,1,0.96
BUG-1163,Sprint-6,v2.4.3,Settings,Settings Feature,Settings Component,Settings Feature Freezes,Settings feature freezes,Open module > Perform action > Observe issue,Feature should work correctly,freezes,High,P4,Security,Retest,Open,Ravi,Sneha,Arjun,Backend,Development,iOS 18,Chrome,Laptop,2.0,2026-03-14,2026-03-15,2026-03-17,2026-03-18,2026-03-19,Duplicate,Code defect,14,Verified by QA,BUG-1125,Settings feature freezes,Issue where settings freezes,1,0.86
BUG-1164,Sprint-6,v2.1.1,Scanner,Scanner Feature,Scanner Component,Scanner Feature Duplicates Records,Scanner feature duplicates records,Open module > Perform action > Observe issue,Feature should work correctly,duplicates records,Low,P3,Crash,Closed,Open,Vamsi,Sneha,Arjun,QA,UAT,iOS 18,Edge,Laptop,2.0,2026-03-15,2026-03-16,2026-03-18,2026-03-19,2026-03-20,Fixed,Code defect,22,Verified by QA,,Scanner feature duplicates records,Application fails to save in Payment,0,0.48
BUG-1165,Sprint-7,v2.7.3,Camera,Camera Feature,Camera Component,Camera Feature Loads Slowly,Camera feature loads slowly,Open module > Perform action > Observe issue,Feature should work correctly,loads slowly,Critical,P2,Performance,Retest,Open,Vamsi,Pooja,Amit,Frontend,Production,Android 14,Safari,Laptop,2.0,2026-03-16,2026-03-17,2026-03-19,2026-03-20,2026-03-21,Duplicate,Code defect,22,Verified by QA,BUG-1045,Camera feature loads slowly,Issue where camera loads slowly,1,0.94
BUG-1166,Sprint-6,v2.0.5,Payment,Payment Feature,Payment Component,Payment Feature Freezes,Payment feature freezes,Open module > Perform action > Observe issue,Feature should work correctly,freezes,Low,P1,Functional,Open,Open,Anil,Harsha,Amit,Frontend,QA,Windows 11,Edge,Laptop,2.0,2026-03-17,2026-03-18,2026-03-20,2026-03-21,2026-03-22,Fixed,Code defect,10,Verified by QA,,Payment feature freezes,Application cannot open in Reports,0,0.31
BUG-1167,Sprint-10,v2.3.2,Analytics,Analytics Feature,Analytics Component,Analytics Feature Freezes,Analytics feature freezes,Open module > Perform action > Observe issue,Feature should work correctly,freezes,Critical,P4,Functional,Assigned,Open,Anil,Pooja,Amit,Mobile,Production,Windows 11,Safari,Laptop,2.0,2026-03-18,2026-03-19,2026-03-21,2026-03-22,2026-03-23,Duplicate,Code defect,9,Verified by QA,BUG-1163,Analytics feature freezes,Issue where analytics freezes,1,0.84
BUG-1168,Sprint-1,v2.9.5,Search,Search Feature,Search Component,Search Feature Fails To Save,Search feature fails to save,Open module > Perform action > Observe issue,Feature should work correctly,fails to save,Medium,P3,Database,Closed,Open,Ravi,Pooja,Amit,Mobile,QA,Windows 11,Edge,Laptop,2.0,2026-03-19,2026-03-20,2026-03-22,2026-03-23,2026-03-24,Duplicate,Code defect,9,Verified by QA,BUG-1081,Search feature fails to save,Issue where search fails to save,1,0.97
BUG-1169,Sprint-6,v2.1.3,Notification,Notification Feature,Notification Component,Notification Feature Freezes,Notification feature freezes,Open module > Perform action > Observe issue,Feature should work correctly,freezes,Medium,P2,Functional,Fixed,Open,Anil,Nisha,Rahul,DevOps,Development,Ubuntu 24.04,Firefox,Laptop,2.0,2026-03-20,2026-03-21,2026-03-23,2026-03-24,2026-03-25,Fixed,Code defect,35,Verified by QA,,Notification feature freezes,Application fails to upload in Analytics,0,0.27
BUG-1170,Sprint-2,v2.0.2,Backup,Backup Feature,Backup Component,Backup Feature Shows Blank Screen,Backup feature shows blank screen,Open module > Perform action > Observe issue,Feature should work correctly,shows blank screen,High,P1,Validation,Fixed,Open,Anil,Nisha,Rahul,Mobile,Production,Windows 11,Edge,Laptop,2.0,2026-03-21,2026-03-22,2026-03-24,2026-03-25,2026-03-26,Fixed,Code defect,24,Verified by QA,,Backup feature shows blank screen,Application duplicates records in Sync,0,0.51
BUG-1171,Sprint-4,v2.2.2,Payment,Payment Feature,Payment Component,Payment Feature Does Not Respond,Payment feature does not respond,Open module > Perform action > Observe issue,Feature should work correctly,does not respond,Critical,P3,API,Closed,Open,Ravi,Nisha,Arjun,QA,UAT,Ubuntu 24.04,Edge,Laptop,2.0,2026-03-22,2026-03-23,2026-03-25,2026-03-26,2026-03-27,Duplicate,Code defect,36,Verified by QA,BUG-1007,Payment feature does not respond,Issue where payment does not respond,1,0.92
BUG-1172,Sprint-3,v2.9.4,Payment,Payment Feature,Payment Component,Payment Feature Fails To Save,Payment feature fails to save,Open module > Perform action > Observe issue,Feature should work correctly,fails to save,High,P2,Functional,Verified,Open,Ravi,Sneha,Deepak,Backend,Production,Ubuntu 24.04,Safari,Laptop,2.0,2026-03-23,2026-03-24,2026-03-26,2026-03-27,2026-03-28,Duplicate,Code defect,39,Verified by QA,BUG-1021,Payment feature fails to save,Issue where payment fails to save,1,0.9
BUG-1173,Sprint-1,v2.9.1,Checkout,Checkout Feature,Checkout Component,Checkout Feature Returns Error 500,Checkout feature returns error 500,Open module > Perform action > Observe issue,Feature should work correctly,returns error 500,Medium,P1,Validation,New,Open,Kiran,Harsha,Amit,QA,Development,Ubuntu 24.04,Safari,Laptop,2.0,2026-03-24,2026-03-25,2026-03-27,2026-03-28,2026-03-29,Fixed,Code defect,10,Verified by QA,,Checkout feature returns error 500,Application crashes in Calendar,0,0.55
BUG-1174,Sprint-9,v2.9.0,Download,Download Feature,Download Component,Download Feature Does Not Respond,Download feature does not respond,Open module > Perform action > Observe issue,Feature should work correctly,does not respond,High,P3,Crash,Open,Open,Kiran,Nisha,Amit,Frontend,Production,Windows 11,Chrome,Laptop,2.0,2026-03-25,2026-03-26,2026-03-28,2026-03-29,2026-03-30,Duplicate,Code defect,31,Verified by QA,BUG-1086,Download feature does not respond,Issue where download does not respond,1,0.9
BUG-1175,Sprint-3,v2.8.1,Backup,Backup Feature,Backup Component,Backup Feature Crashes,Backup feature crashes,Open module > Perform action > Observe issue,Feature should work correctly,crashes,Medium,P2,Functional,Closed,Open,Vamsi,Nisha,Rahul,QA,Production,Ubuntu 24.04,Firefox,Laptop,2.0,2026-03-26,2026-03-27,2026-03-29,2026-03-30,2026-03-31,Fixed,Code defect,16,Verified by QA,,Backup feature crashes,Application shows blank screen in Sync,0,0.57
BUG-1176,Sprint-3,v2.1.3,Profile,Profile Feature,Profile Component,Profile Feature Freezes,Profile feature freezes,Open module > Perform action > Observe issue,Feature should work correctly,freezes,Medium,P2,Functional,In Progress,Open,Anil,Nisha,Amit,Frontend,QA,iOS 18,Chrome,Laptop,2.0,2026-03-27,2026-03-28,2026-03-30,2026-03-31,2026-04-01,Duplicate,Code defect,11,Verified by QA,BUG-1081,Profile feature freezes,Issue where profile freezes,1,0.99
BUG-1177,Sprint-10,v2.6.4,Sync,Sync Feature,Sync Component,Sync Feature Duplicates Records,Sync feature duplicates records,Open module > Perform action > Observe issue,Feature should work correctly,duplicates records,Low,P2,Functional,New,Open,Kiran,Pooja,Rahul,Backend,Development,iOS 18,Firefox,Laptop,2.0,2026-03-28,2026-03-29,2026-03-31,2026-04-01,2026-04-02,Fixed,Code defect,21,Verified by QA,,Sync feature duplicates records,Application duplicates records in Chat,0,0.18
BUG-1178,Sprint-4,v2.6.4,Analytics,Analytics Feature,Analytics Component,Analytics Feature Freezes,Analytics feature freezes,Open module > Perform action > Observe issue,Feature should work correctly,freezes,Critical,P3,Validation,Assigned,Open,Ravi,Nisha,Sai,DevOps,UAT,Android 14,Firefox,Laptop,2.0,2026-03-29,2026-03-30,2026-04-01,2026-04-02,2026-04-03,Fixed,Code defect,25,Verified by QA,,Analytics feature freezes,Application fails to upload in Maps,0,0.15
BUG-1179,Sprint-1,v2.4.0,Checkout,Checkout Feature,Checkout Component,Checkout Feature Shows Blank Screen,Checkout feature shows blank screen,Open module > Perform action > Observe issue,Feature should work correctly,shows blank screen,Low,P3,Performance,Open,Open,Vamsi,Pooja,Arjun,Mobile,Development,Android 14,Chrome,Laptop,2.0,2026-03-30,2026-03-31,2026-04-02,2026-04-03,2026-04-04,Fixed,Code defect,12,Verified by QA,,Checkout feature shows blank screen,Application crashes in Upload,0,0.56
BUG-1180,Sprint-5,v2.0.5,Payment,Payment Feature,Payment Component,Payment Feature Returns Error 500,Payment feature returns error 500,Open module > Perform action > Observe issue,Feature should work correctly,returns error 500,Critical,P4,UI,Closed,Open,Ravi,Pooja,Rahul,Mobile,Production,Windows 11,Edge,Laptop,2.0,2026-03-31,2026-04-01,2026-04-03,2026-04-04,2026-04-05,Fixed,Code defect,38,Verified by QA,,Payment feature returns error 500,Application fails to save in Maps,0,0.36
BUG-1181,Sprint-5,v2.4.1,Analytics,Analytics Feature,Analytics Component,Analytics Feature Returns Error 500,Analytics feature returns error 500,Open module > Perform action > Observe issue,Feature should work correctly,returns error 500,Low,P4,Validation,Assigned,Open,Ravi,Sneha,Sai,QA,Production,Ubuntu 24.04,Firefox,Laptop,2.0,2026-01-01,2026-01-02,2026-01-04,2026-01-05,2026-01-06,Duplicate,Code defect,16,Verified by QA,BUG-1159,Analytics feature returns error 500,Issue where analytics returns error 500,1,0.93
BUG-1182,Sprint-5,v2.3.2,Invoice,Invoice Feature,Invoice Component,Invoice Feature Does Not Respond,Invoice feature does not respond,Open module > Perform action > Observe issue,Feature should work correctly,does not respond,Low,P3,Database,Verified,Open,Kiran,Nisha,Rahul,Mobile,UAT,Windows 11,Chrome,Laptop,2.0,2026-01-02,2026-01-03,2026-01-05,2026-01-06,2026-01-07,Duplicate,Code defect,34,Verified by QA,BUG-1088,Invoice feature does not respond,Issue where invoice does not respond,1,0.88
BUG-1183,Sprint-9,v2.5.3,Sync,Sync Feature,Sync Component,Sync Feature Returns Error 500,Sync feature returns error 500,Open module > Perform action > Observe issue,Feature should work correctly,returns error 500,Low,P2,API,In Progress,Open,Anil,Sneha,Amit,DevOps,QA,Android 14,Firefox,Laptop,2.0,2026-01-03,2026-01-04,2026-01-06,2026-01-07,2026-01-08,Duplicate,Code defect,24,Verified by QA,BUG-1028,Sync feature returns error 500,Issue where sync returns error 500,1,0.92
BUG-1184,Sprint-10,v2.9.3,Download,Download Feature,Download Component,Download Feature Fails To Save,Download feature fails to save,Open module > Perform action > Observe issue,Feature should work correctly,fails to save,Low,P3,Database,Assigned,Open,Ravi,Pooja,Rahul,DevOps,QA,iOS 18,Firefox,Laptop,2.0,2026-01-04,2026-01-05,2026-01-07,2026-01-08,2026-01-09,Fixed,Code defect,21,Verified by QA,,Download feature fails to save,Application crashes in Analytics,0,0.3
BUG-1185,Sprint-8,v2.1.4,Invoice,Invoice Feature,Invoice Component,Invoice Feature Loads Slowly,Invoice feature loads slowly,Open module > Perform action > Observe issue,Feature should work correctly,loads slowly,Low,P4,Functional,Fixed,Open,Ravi,Pooja,Sai,QA,Development,Ubuntu 24.04,Firefox,Laptop,2.0,2026-01-05,2026-01-06,2026-01-08,2026-01-09,2026-01-10,Duplicate,Code defect,10,Verified by QA,BUG-1112,Invoice feature loads slowly,Issue where invoice loads slowly,1,0.83
BUG-1186,Sprint-7,v2.1.2,Sync,Sync Feature,Sync Component,Sync Feature Crashes,Sync feature crashes,Open module > Perform action > Observe issue,Feature should work correctly,crashes,Low,P3,Functional,Retest,Open,Ravi,Sneha,Rahul,Frontend,Production,Windows 11,Firefox,Laptop,2.0,2026-01-06,2026-01-07,2026-01-09,2026-01-10,2026-01-11,Duplicate,Code defect,19,Verified by QA,BUG-1029,Sync feature crashes,Issue where sync crashes,1,0.84
BUG-1187,Sprint-1,v2.4.0,Payment,Payment Feature,Payment Component,Payment Feature Does Not Respond,Payment feature does not respond,Open module > Perform action > Observe issue,Feature should work correctly,does not respond,Medium,P2,Database,Open,Open,Ravi,Pooja,Sai,Mobile,Production,Windows 11,Chrome,Laptop,2.0,2026-01-07,2026-01-08,2026-01-10,2026-01-11,2026-01-12,Fixed,Code defect,37,Verified by QA,,Payment feature does not respond,Application shows blank screen in Upload,0,0.2
BUG-1188,Sprint-9,v2.9.0,Upload,Upload Feature,Upload Component,Upload Feature Loads Slowly,Upload feature loads slowly,Open module > Perform action > Observe issue,Feature should work correctly,loads slowly,Low,P2,Database,Fixed,Open,Anil,Harsha,Deepak,Frontend,Development,Android 14,Chrome,Laptop,2.0,2026-01-08,2026-01-09,2026-01-11,2026-01-12,2026-01-13,Duplicate,Code defect,26,Verified by QA,BUG-1158,Upload feature loads slowly,Issue where upload loads slowly,1,0.85
BUG-1189,Sprint-2,v2.1.3,Profile,Profile Feature,Profile Component,Profile Feature Does Not Respond,Profile feature does not respond,Open module > Perform action > Observe issue,Feature should work correctly,does not respond,Medium,P4,Functional,New,Open,Anil,Pooja,Rahul,QA,UAT,Android 14,Chrome,Laptop,2.0,2026-01-09,2026-01-10,2026-01-12,2026-01-13,2026-01-14,Fixed,Code defect,42,Verified by QA,,Profile feature does not respond,Application returns error 500 in Invoice,0,0.27
BUG-1190,Sprint-8,v2.4.5,Camera,Camera Feature,Camera Component,Camera Feature Fails To Save,Camera feature fails to save,Open module > Perform action > Observe issue,Feature should work correctly,fails to save,High,P4,Database,Retest,Open,Ravi,Nisha,Arjun,Backend,QA,Android 14,Safari,Laptop,2.0,2026-01-10,2026-01-11,2026-01-13,2026-01-14,2026-01-15,Duplicate,Code defect,2,Verified by QA,BUG-1029,Camera feature fails to save,Issue where camera fails to save,1,0.89
BUG-1191,Sprint-10,v2.2.5,Settings,Settings Feature,Settings Component,Settings Feature Returns Error 500,Settings feature returns error 500,Open module > Perform action > Observe issue,Feature should work correctly,returns error 500,High,P2,Database,Open,Open,Anil,Nisha,Arjun,Frontend,QA,iOS 18,Edge,Laptop,2.0,2026-01-11,2026-01-12,2026-01-14,2026-01-15,2026-01-16,Fixed,Code defect,31,Verified by QA,,Settings feature returns error 500,Application crashes in Chat,0,0.53
BUG-1192,Sprint-4,v2.3.0,Payment,Payment Feature,Payment Component,Payment Feature Does Not Respond,Payment feature does not respond,Open module > Perform action > Observe issue,Feature should work correctly,does not respond,Low,P4,UI,Verified,Open,Kiran,Sneha,Deepak,Backend,Production,Android 14,Firefox,Laptop,2.0,2026-01-12,2026-01-13,2026-01-15,2026-01-16,2026-01-17,Fixed,Code defect,8,Verified by QA,,Payment feature does not respond,Application loads slowly in Download,0,0.58
BUG-1193,Sprint-2,v2.7.5,Settings,Settings Feature,Settings Component,Settings Feature Fails To Upload,Settings feature fails to upload,Open module > Perform action > Observe issue,Feature should work correctly,fails to upload,Low,P1,Security,Verified,Open,Kiran,Harsha,Sai,Frontend,Production,Ubuntu 24.04,Safari,Laptop,2.0,2026-01-13,2026-01-14,2026-01-16,2026-01-17,2026-01-18,Duplicate,Code defect,45,Verified by QA,BUG-1065,Settings feature fails to upload,Issue where settings fails to upload,1,0.97
BUG-1194,Sprint-9,v2.2.3,Camera,Camera Feature,Camera Component,Camera Feature Crashes,Camera feature crashes,Open module > Perform action > Observe issue,Feature should work correctly,crashes,Critical,P4,UI,Closed,Open,Ravi,Nisha,Amit,Frontend,QA,iOS 18,Safari,Laptop,2.0,2026-01-14,2026-01-15,2026-01-17,2026-01-18,2026-01-19,Fixed,Code defect,6,Verified by QA,,Camera feature crashes,Application shows blank screen in Calendar,0,0.49
BUG-1195,Sprint-5,v2.7.0,Maps,Maps Feature,Maps Component,Maps Feature Loads Slowly,Maps feature loads slowly,Open module > Perform action > Observe issue,Feature should work correctly,loads slowly,Critical,P3,Crash,New,Open,Ravi,Pooja,Deepak,Mobile,QA,Windows 11,Safari,Laptop,2.0,2026-01-15,2026-01-16,2026-01-18,2026-01-19,2026-01-20,Fixed,Code defect,46,Verified by QA,,Maps feature loads slowly,Application shows blank screen in Checkout,0,0.3
BUG-1196,Sprint-2,v2.1.1,Payment,Payment Feature,Payment Component,Payment Feature Returns Error 500,Payment feature returns error 500,Open module > Perform action > Observe issue,Feature should work correctly,returns error 500,Low,P3,API,Open,Open,Priya,Pooja,Amit,Backend,UAT,Ubuntu 24.04,Chrome,Laptop,2.0,2026-01-16,2026-01-17,2026-01-19,2026-01-20,2026-01-21,Duplicate,Code defect,38,Verified by QA,BUG-1090,Payment feature returns error 500,Issue where payment returns error 500,1,0.86
BUG-1197,Sprint-3,v2.5.2,Settings,Settings Feature,Settings Component,Settings Feature Does Not Respond,Settings feature does not respond,Open module > Perform action > Observe issue,Feature should work correctly,does not respond,Low,P1,Functional,Assigned,Open,Priya,Nisha,Amit,QA,Development,Android 14,Firefox,Laptop,2.0,2026-01-17,2026-01-18,2026-01-20,2026-01-21,2026-01-22,Duplicate,Code defect,23,Verified by QA,BUG-1010,Settings feature does not respond,Issue where settings does not respond,1,1.0
BUG-1198,Sprint-10,v2.9.0,Download,Download Feature,Download Component,Download Feature Shows Blank Screen,Download feature shows blank screen,Open module > Perform action > Observe issue,Feature should work correctly,shows blank screen,Medium,P2,Functional,Verified,Open,Priya,Nisha,Deepak,Backend,Production,iOS 18,Edge,Laptop,2.0,2026-01-18,2026-01-19,2026-01-21,2026-01-22,2026-01-23,Fixed,Code defect,28,Verified by QA,,Download feature shows blank screen,Application fails to save in Settings,0,0.3
BUG-1199,Sprint-2,v2.5.3,Login,Login Feature,Login Component,Login Feature Does Not Respond,Login feature does not respond,Open module > Perform action > Observe issue,Feature should work correctly,does not respond,Medium,P4,Crash,In Progress,Open,Priya,Sneha,Arjun,QA,QA,iOS 18,Chrome,Laptop,2.0,2026-01-19,2026-01-20,2026-01-22,2026-01-23,2026-01-24,Duplicate,Code defect,19,Verified by QA,BUG-1143,Login feature does not respond,Issue where login does not respond,1,1.0
BUG-1200,Sprint-4,v2.5.3,Maps,Maps Feature,Maps Component,Maps Feature Does Not Respond,Maps feature does not respond,Open module > Perform action > Observe issue,Feature should work correctly,does not respond,Critical,P3,Crash,Assigned,Open,Kiran,Nisha,Amit,Frontend,Development,Android 14,Firefox,Laptop,2.0,2026-01-20,2026-01-21,2026-01-23,2026-01-24,2026-01-25,Duplicate,Code defect,8,Verified by QA,BUG-1032,Maps feature does not respond,Issue where maps does not respond,1,0.95
